"videoMeta/coverUrl","videoMeta/definition","videoMeta/downloadAddr","videoMeta/duration","videoMeta/format","videoMeta/height","videoMeta/originalCoverUrl","videoMeta/originalDownloadAddr","videoMeta/subtitleLinks/0/downloadLink","videoMeta/subtitleLinks/0/language","videoMeta/subtitleLinks/0/tiktokLink","videoMeta/subtitleLinks/1/downloadLink","videoMeta/subtitleLinks/1/language","videoMeta/subtitleLinks/1/tiktokLink","videoMeta/subtitleLinks/2/downloadLink","videoMeta/subtitleLinks/2/language","videoMeta/subtitleLinks/2/tiktokLink","videoMeta/subtitleLinks/3/downloadLink","videoMeta/subtitleLinks/3/language","videoMeta/subtitleLinks/3/tiktokLink","videoMeta/subtitleLinks/4/downloadLink","videoMeta/subtitleLinks/4/language","videoMeta/subtitleLinks/4/tiktokLink","videoMeta/subtitleLinks/5/downloadLink","videoMeta/subtitleLinks/5/language","videoMeta/subtitleLinks/5/tiktokLink","videoMeta/subtitleLinks/6/downloadLink","videoMeta/subtitleLinks/6/language","videoMeta/subtitleLinks/6/tiktokLink","videoMeta/subtitleLinks/7/downloadLink","videoMeta/subtitleLinks/7/language","videoMeta/subtitleLinks/7/tiktokLink","videoMeta/subtitleLinks/8/downloadLink","videoMeta/subtitleLinks/8/language","videoMeta/subtitleLinks/8/tiktokLink","videoMeta/subtitleLinks/9/downloadLink","videoMeta/subtitleLinks/9/language","videoMeta/subtitleLinks/9/tiktokLink","videoMeta/width","text","shareCount","webVideoUrl","commentCount","playCount","createTimeISO","diggCount"
"https://p16-sign-sg.tiktokcdn.com/obj/tos-alisg-p-0037/oUCjApfJLFagkE0AELEDw4frI5g5AedpDoTE6r?x-expires=1713704400&x-signature=5H2pbr0y1Fmd4DdzmS5jBPFSbbw%3D","540p","https://v16-webapp-prime.us.tiktok.com/video/tos/alisg/tos-alisg-pve-0037/o4L6ITfEADEv6AJOrpyCfF6weDokEEpkr0JdFQ/?a=1988&bti=NDU3ZjAwOg%3D%3D&ch=0&cr=3&dr=0&lr=unwatermarked&cd=0%7C0%7C0%7C&cv=1&br=2868&bt=1434&cs=0&ds=6&ft=4KJMyMzm8Zmo0Hctt-4jVF1ZdpWrKsd.&mime_type=video_mp4&qs=0&rc=NGU5ODQ6ZWhlOzY0NDlnZkBpanl1OHI5cjR0cDMzODgzNEAwM2NfNTQuXzMxNjYxLjFeYSNpbjI2MmQ0YzZgLS1kLzFzcw%3D%3D&btag=e00090000&expire=1713707917&l=20240419135716A65B5559AE818104ABA0&ply_type=2&policy=2&signature=8ee63baa6d9dad46bd594c78d3b40157&tk=tt_chain_token","80","mp4","1024","https://p16-sign-sg.tiktokcdn.com/obj/tos-alisg-p-0037/oUCjApfJLFagkE0AELEDw4frI5g5AedpDoTE6r?x-expires=1713704400&x-signature=5H2pbr0y1Fmd4DdzmS5jBPFSbbw%3D","https://v16-webapp-prime.us.tiktok.com/video/tos/alisg/tos-alisg-pve-0037/o4L6ITfEADEv6AJOrpyCfF6weDokEEpkr0JdFQ/?a=1988&bti=NDU3ZjAwOg%3D%3D&ch=0&cr=3&dr=0&lr=unwatermarked&cd=0%7C0%7C0%7C&cv=1&br=2868&bt=1434&cs=0&ds=6&ft=4KJMyMzm8Zmo0Hctt-4jVF1ZdpWrKsd.&mime_type=video_mp4&qs=0&rc=NGU5ODQ6ZWhlOzY0NDlnZkBpanl1OHI5cjR0cDMzODgzNEAwM2NfNTQuXzMxNjYxLjFeYSNpbjI2MmQ0YzZgLS1kLzFzcw%3D%3D&btag=e00090000&expire=1713707917&l=20240419135716A65B5559AE818104ABA0&ply_type=2&policy=2&signature=8ee63baa6d9dad46bd594c78d3b40157&tk=tt_chain_token","https://v16m-webapp.tiktokcdn-us.com/a596f7a81e6d8cf5e80392bdad9dfd83/66251b8d/video/tos/alisg/tos-alisg-pv-0037/b2ba15f09e1d4a74b06199ffcf246471/?a=1988&bti=NDU3ZjAwOg%3D%3D&ch=0&cr=3&dr=0&lr=unwatermarked&cd=0%7C0%7C0%7C&cv=1&br=2980&bt=1490&cs=0&ds=6&ft=4KLMeMzm8Zmo0Hctt-4jVF1ZdpWrKsd.&mime_type=video_mp4&qs=13&rc=anl1OHI5cjR0cDMzODgzNEBpanl1OHI5cjR0cDMzODgzNEBpbjI2MmQ0YzZgLS1kLzFzYSNpbjI2MmQ0YzZgLS1kLzFzcw%3D%3D&l=20240419135716A65B5559AE818104ABA0&btag=e00050000","vie-VN","https://v16m-webapp.tiktokcdn-us.com/a596f7a81e6d8cf5e80392bdad9dfd83/66251b8d/video/tos/alisg/tos-alisg-pv-0037/b2ba15f09e1d4a74b06199ffcf246471/?a=1988&bti=NDU3ZjAwOg%3D%3D&ch=0&cr=3&dr=0&lr=unwatermarked&cd=0%7C0%7C0%7C&cv=1&br=2980&bt=1490&cs=0&ds=6&ft=4KLMeMzm8Zmo0Hctt-4jVF1ZdpWrKsd.&mime_type=video_mp4&qs=13&rc=anl1OHI5cjR0cDMzODgzNEBpanl1OHI5cjR0cDMzODgzNEBpbjI2MmQ0YzZgLS1kLzFzYSNpbjI2MmQ0YzZgLS1kLzFzcw%3D%3D&l=20240419135716A65B5559AE818104ABA0&btag=e00050000","https://v16m-webapp.tiktokcdn-us.com/41052b0c2657834e91c3e9cf49520717/66251b8d/video/tos/alisg/tos-alisg-pv-0037/6360f700849b4aa98e546f9828361e69/?a=1988&bti=NDU3ZjAwOg%3D%3D&ch=0&cr=3&dr=0&lr=unwatermarked&cd=0%7C0%7C0%7C&cv=1&br=2980&bt=1490&cs=0&ds=6&ft=4KLMeMzm8Zmo0Hctt-4jVF1ZdpWrKsd.&mime_type=video_mp4&qs=13&rc=anl1OHI5cjR0cDMzODgzNEBpanl1OHI5cjR0cDMzODgzNEBpbjI2MmQ0YzZgLS1kLzFzYSNpbjI2MmQ0YzZgLS1kLzFzcw%3D%3D&l=20240419135716A65B5559AE818104ABA0&btag=e00050000","vie-VN","https://v16m-webapp.tiktokcdn-us.com/41052b0c2657834e91c3e9cf49520717/66251b8d/video/tos/alisg/tos-alisg-pv-0037/6360f700849b4aa98e546f9828361e69/?a=1988&bti=NDU3ZjAwOg%3D%3D&ch=0&cr=3&dr=0&lr=unwatermarked&cd=0%7C0%7C0%7C&cv=1&br=2980&bt=1490&cs=0&ds=6&ft=4KLMeMzm8Zmo0Hctt-4jVF1ZdpWrKsd.&mime_type=video_mp4&qs=13&rc=anl1OHI5cjR0cDMzODgzNEBpanl1OHI5cjR0cDMzODgzNEBpbjI2MmQ0YzZgLS1kLzFzYSNpbjI2MmQ0YzZgLS1kLzFzcw%3D%3D&l=20240419135716A65B5559AE818104ABA0&btag=e00050000",,,,,,,,,,,,,,,,,,,,,,,,,"576","Cùng Thế Anh Chạy Bộ đi cùng Lipovitan #LIPOVITAN #Lipovitan #NuocTangLucLipovitan #ThuongHieuNhatBan #Tet2024","2","https://www.tiktok.com/@lipovitan.vn/video/7319377994055748871","2","138900","2024-01-02T06:05:21.000Z","186"
"https://p16-sign-sg.tiktokcdn.com/obj/tos-alisg-p-0037/d46cff5b72af48b3939e207891a1fc9e_1704175476?x-expires=1713704400&x-signature=VREK4Vgjcm%2BG%2BzXLE5%2FWtNg3et4%3D","540p","https://v16-webapp-prime.us.tiktok.com/video/tos/alisg/tos-alisg-pve-0037/oEsTnii0LZ4VOAEBE3Zil5YWIQ1IjADKpAPAT/?a=1988&bti=NDU3ZjAwOg%3D%3D&ch=0&cr=3&dr=0&lr=unwatermarked&cd=0%7C0%7C0%7C&cv=1&br=2334&bt=1167&cs=0&ds=6&ft=4KJMyMzm8Zmo0Hctt-4jVF1ZdpWrKsd.&mime_type=video_mp4&qs=0&rc=MztoNTNnPGVoNDw8aTVmNEBpajdraG85cnB0cDMzODgzNEA0YC80Yl4zNTQxLTI0Y2IzYSMuMzItMmQ0YjZgLS1kLzFzcw%3D%3D&btag=e00088000&expire=1713707894&l=20240419135716A65B5559AE818104ABA0&ply_type=2&policy=2&signature=b51188cf2fe85c1aea0dbb13a51a5dcf&tk=tt_chain_token","57","mp4","1024","https://p16-sign-sg.tiktokcdn.com/obj/tos-alisg-p-0037/d46cff5b72af48b3939e207891a1fc9e_1704175476?x-expires=1713704400&x-signature=VREK4Vgjcm%2BG%2BzXLE5%2FWtNg3et4%3D","https://v16-webapp-prime.us.tiktok.com/video/tos/alisg/tos-alisg-pve-0037/oEsTnii0LZ4VOAEBE3Zil5YWIQ1IjADKpAPAT/?a=1988&bti=NDU3ZjAwOg%3D%3D&ch=0&cr=3&dr=0&lr=unwatermarked&cd=0%7C0%7C0%7C&cv=1&br=2334&bt=1167&cs=0&ds=6&ft=4KJMyMzm8Zmo0Hctt-4jVF1ZdpWrKsd.&mime_type=video_mp4&qs=0&rc=MztoNTNnPGVoNDw8aTVmNEBpajdraG85cnB0cDMzODgzNEA0YC80Yl4zNTQxLTI0Y2IzYSMuMzItMmQ0YjZgLS1kLzFzcw%3D%3D&btag=e00088000&expire=1713707894&l=20240419135716A65B5559AE818104ABA0&ply_type=2&policy=2&signature=b51188cf2fe85c1aea0dbb13a51a5dcf&tk=tt_chain_token","https://v16m-webapp.tiktokcdn-us.com/d39cf9881441cb9dc6a9628ffd32cd42/66251b76/video/tos/alisg/tos-alisg-pv-0037/2a493e9578434f1dbe3bd307f5e014fe/?a=1988&bti=NDU3ZjAwOg%3D%3D&ch=0&cr=3&dr=0&lr=unwatermarked&cd=0%7C0%7C0%7C&cv=1&br=2492&bt=1246&cs=0&ds=6&ft=4KLMeMzm8Zmo0Hctt-4jVF1ZdpWrKsd.&mime_type=video_mp4&qs=13&rc=ajdraG85cnB0cDMzODgzNEBpajdraG85cnB0cDMzODgzNEAuMzItMmQ0YjZgLS1kLzFzYSMuMzItMmQ0YjZgLS1kLzFzcw%3D%3D&l=20240419135716A65B5559AE818104ABA0&btag=e00048000","vie-VN","https://v16m-webapp.tiktokcdn-us.com/d39cf9881441cb9dc6a9628ffd32cd42/66251b76/video/tos/alisg/tos-alisg-pv-0037/2a493e9578434f1dbe3bd307f5e014fe/?a=1988&bti=NDU3ZjAwOg%3D%3D&ch=0&cr=3&dr=0&lr=unwatermarked&cd=0%7C0%7C0%7C&cv=1&br=2492&bt=1246&cs=0&ds=6&ft=4KLMeMzm8Zmo0Hctt-4jVF1ZdpWrKsd.&mime_type=video_mp4&qs=13&rc=ajdraG85cnB0cDMzODgzNEBpajdraG85cnB0cDMzODgzNEAuMzItMmQ0YjZgLS1kLzFzYSMuMzItMmQ0YjZgLS1kLzFzcw%3D%3D&l=20240419135716A65B5559AE818104ABA0&btag=e00048000","https://v16m-webapp.tiktokcdn-us.com/e0b917a78453dd0748324b269e22c006/66251b76/video/tos/alisg/tos-alisg-pv-0037/c294b059dc844b0fbd0ddf2dda49e1b8/?a=1988&bti=NDU3ZjAwOg%3D%3D&ch=0&cr=3&dr=0&lr=unwatermarked&cd=0%7C0%7C0%7C&cv=1&br=2492&bt=1246&cs=0&ds=6&ft=4KLMeMzm8Zmo0Hctt-4jVF1ZdpWrKsd.&mime_type=video_mp4&qs=13&rc=ajdraG85cnB0cDMzODgzNEBpajdraG85cnB0cDMzODgzNEAuMzItMmQ0YjZgLS1kLzFzYSMuMzItMmQ0YjZgLS1kLzFzcw%3D%3D&l=20240419135716A65B5559AE818104ABA0&btag=e00048000","vie-VN","https://v16m-webapp.tiktokcdn-us.com/e0b917a78453dd0748324b269e22c006/66251b76/video/tos/alisg/tos-alisg-pv-0037/c294b059dc844b0fbd0ddf2dda49e1b8/?a=1988&bti=NDU3ZjAwOg%3D%3D&ch=0&cr=3&dr=0&lr=unwatermarked&cd=0%7C0%7C0%7C&cv=1&br=2492&bt=1246&cs=0&ds=6&ft=4KLMeMzm8Zmo0Hctt-4jVF1ZdpWrKsd.&mime_type=video_mp4&qs=13&rc=ajdraG85cnB0cDMzODgzNEBpajdraG85cnB0cDMzODgzNEAuMzItMmQ0YjZgLS1kLzFzYSMuMzItMmQ0YjZgLS1kLzFzcw%3D%3D&l=20240419135716A65B5559AE818104ABA0&btag=e00048000",,,,,,,,,,,,,,,,,,,,,,,,,"576","Cùng Nhung và Hùng đi cùng Lipovitan #LIPOVITAN #Lipovitan #NuocTangLucLipovitan #ThuongHieuNhatBan #Tet2024","32","https://www.tiktok.com/@lipovitan.vn/video/7319377699707899154","101","1500000","2024-01-02T06:04:34.000Z","4517"
"https://p16-sign-sg.tiktokcdn.com/obj/tos-alisg-p-0037/ospdyAI0OAB7wXAVEDGBADbT5qizKyIi8ytsfk?x-expires=1713704400&x-signature=M4NeKmQ6uyI5K6X%2F55398SVvXpI%3D","540p","https://v16-webapp-prime.us.tiktok.com/video/tos/alisg/tos-alisg-pve-0037/oARpploefABMg2DrC1XTcYIgvFVA6k9h2UEQBy/?a=1988&bti=NDU3ZjAwOg%3D%3D&ch=0&cr=3&dr=0&lr=unwatermarked&cd=0%7C0%7C0%7C&cv=1&br=3138&bt=1569&cs=0&ds=6&ft=4KJMyMzm8Zmo0Hctt-4jVF1ZdpWrKsd.&mime_type=video_mp4&qs=0&rc=ZGZlOjQzZzpoOjZmZmY6NEBpajt5OW45cmR0cDMzODgzNEA2LzVgYy8yNjAxNF9iMDA2YSNwam5qMmRzYjZgLS1kLzFzcw%3D%3D&btag=e00090000&expire=1713707924&l=20240419135716A65B5559AE818104ABA0&ply_type=2&policy=2&signature=df7e490b2ffc0a333fce0cdf90aa6783&tk=tt_chain_token","87","mp4","1024","https://p16-sign-sg.tiktokcdn.com/obj/tos-alisg-p-0037/ospdyAI0OAB7wXAVEDGBADbT5qizKyIi8ytsfk?x-expires=1713704400&x-signature=M4NeKmQ6uyI5K6X%2F55398SVvXpI%3D","https://v16-webapp-prime.us.tiktok.com/video/tos/alisg/tos-alisg-pve-0037/oARpploefABMg2DrC1XTcYIgvFVA6k9h2UEQBy/?a=1988&bti=NDU3ZjAwOg%3D%3D&ch=0&cr=3&dr=0&lr=unwatermarked&cd=0%7C0%7C0%7C&cv=1&br=3138&bt=1569&cs=0&ds=6&ft=4KJMyMzm8Zmo0Hctt-4jVF1ZdpWrKsd.&mime_type=video_mp4&qs=0&rc=ZGZlOjQzZzpoOjZmZmY6NEBpajt5OW45cmR0cDMzODgzNEA2LzVgYy8yNjAxNF9iMDA2YSNwam5qMmRzYjZgLS1kLzFzcw%3D%3D&btag=e00090000&expire=1713707924&l=20240419135716A65B5559AE818104ABA0&ply_type=2&policy=2&signature=df7e490b2ffc0a333fce0cdf90aa6783&tk=tt_chain_token","https://v16m-webapp.tiktokcdn-us.com/bfa823a147440a56209a9f9239a8f178/66251b94/video/tos/alisg/tos-alisg-pv-0037/adbc6995911f4c2db04ca06b838297e9/?a=1988&bti=NDU3ZjAwOg%3D%3D&ch=0&cr=3&dr=0&lr=unwatermarked&cd=0%7C0%7C0%7C&cv=1&br=3364&bt=1682&cs=0&ds=6&ft=4KLMeMzm8Zmo0Hctt-4jVF1ZdpWrKsd.&mime_type=video_mp4&qs=13&rc=ajt5OW45cmR0cDMzODgzNEBpajt5OW45cmR0cDMzODgzNEBwam5qMmRzYjZgLS1kLzFzYSNwam5qMmRzYjZgLS1kLzFzcw%3D%3D&l=20240419135716A65B5559AE818104ABA0&btag=e00050000","vie-VN","https://v16m-webapp.tiktokcdn-us.com/bfa823a147440a56209a9f9239a8f178/66251b94/video/tos/alisg/tos-alisg-pv-0037/adbc6995911f4c2db04ca06b838297e9/?a=1988&bti=NDU3ZjAwOg%3D%3D&ch=0&cr=3&dr=0&lr=unwatermarked&cd=0%7C0%7C0%7C&cv=1&br=3364&bt=1682&cs=0&ds=6&ft=4KLMeMzm8Zmo0Hctt-4jVF1ZdpWrKsd.&mime_type=video_mp4&qs=13&rc=ajt5OW45cmR0cDMzODgzNEBpajt5OW45cmR0cDMzODgzNEBwam5qMmRzYjZgLS1kLzFzYSNwam5qMmRzYjZgLS1kLzFzcw%3D%3D&l=20240419135716A65B5559AE818104ABA0&btag=e00050000","https://v16m-webapp.tiktokcdn-us.com/42437fe6d0decaa62ae01c0df00084d5/66251b94/video/tos/alisg/tos-alisg-pv-0037/54f598d4afad42a99ebe3be294061bee/?a=1988&bti=NDU3ZjAwOg%3D%3D&ch=0&cr=3&dr=0&lr=unwatermarked&cd=0%7C0%7C0%7C&cv=1&br=3364&bt=1682&cs=0&ds=6&ft=4KLMeMzm8Zmo0Hctt-4jVF1ZdpWrKsd.&mime_type=video_mp4&qs=13&rc=ajt5OW45cmR0cDMzODgzNEBpajt5OW45cmR0cDMzODgzNEBwam5qMmRzYjZgLS1kLzFzYSNwam5qMmRzYjZgLS1kLzFzcw%3D%3D&l=20240419135716A65B5559AE818104ABA0&btag=e00050000","vie-VN","https://v16m-webapp.tiktokcdn-us.com/42437fe6d0decaa62ae01c0df00084d5/66251b94/video/tos/alisg/tos-alisg-pv-0037/54f598d4afad42a99ebe3be294061bee/?a=1988&bti=NDU3ZjAwOg%3D%3D&ch=0&cr=3&dr=0&lr=unwatermarked&cd=0%7C0%7C0%7C&cv=1&br=3364&bt=1682&cs=0&ds=6&ft=4KLMeMzm8Zmo0Hctt-4jVF1ZdpWrKsd.&mime_type=video_mp4&qs=13&rc=ajt5OW45cmR0cDMzODgzNEBpajt5OW45cmR0cDMzODgzNEBwam5qMmRzYjZgLS1kLzFzYSNwam5qMmRzYjZgLS1kLzFzcw%3D%3D&l=20240419135716A65B5559AE818104ABA0&btag=e00050000",,,,,,,,,,,,,,,,,,,,,,,,,"576","Cùng Nai Nguyễn đi cùng Lipovitan #LIPOVITAN #Lipovitan #NuocTangLucLipovitan #ThuongHieuNhatBan #Tet2024","3","https://www.tiktok.com/@lipovitan.vn/video/7319377581101370632","1","2460","2024-01-02T06:03:46.000Z","39"
"https://p16-sign-sg.tiktokcdn.com/obj/tos-alisg-p-0037/a61fb2656b3e41ad9670bcd86ff885ab_1704173967?x-expires=1713704400&x-signature=q7VVTjmovww1igyWpdBrsTfPULA%3D","540p","https://v16-webapp-prime.us.tiktok.com/video/tos/alisg/tos-alisg-pve-0037/oUAUBC1lUEwhZVeIF0nfBFQkkDKO26Q4smdCCg/?a=1988&bti=NDU3ZjAwOg%3D%3D&ch=0&cr=3&dr=0&lr=unwatermarked&cd=0%7C0%7C0%7C&cv=1&br=3638&bt=1819&cs=0&ds=6&ft=4KJMyMzm8Zmo0Hctt-4jVF1ZdpWrKsd.&mime_type=video_mp4&qs=0&rc=NWQ7Mzw2NzhmOjs4ODhlZ0BpM3A3anY5cnZ0cDMzODgzNEAtMC1fYl42NTQxYmMzYzZeYSNhcTVhMmQ0LzZgLS1kLzFzcw%3D%3D&btag=e00098000&expire=1713708038&l=20240419135716A65B5559AE818104ABA0&ply_type=2&policy=2&signature=a594f21ba5c3b02af6f1fb45f58de579&tk=tt_chain_token","201","mp4","1024","https://p16-sign-sg.tiktokcdn.com/obj/tos-alisg-p-0037/a61fb2656b3e41ad9670bcd86ff885ab_1704173967?x-expires=1713704400&x-signature=q7VVTjmovww1igyWpdBrsTfPULA%3D","https://v16-webapp-prime.us.tiktok.com/video/tos/alisg/tos-alisg-pve-0037/oUAUBC1lUEwhZVeIF0nfBFQkkDKO26Q4smdCCg/?a=1988&bti=NDU3ZjAwOg%3D%3D&ch=0&cr=3&dr=0&lr=unwatermarked&cd=0%7C0%7C0%7C&cv=1&br=3638&bt=1819&cs=0&ds=6&ft=4KJMyMzm8Zmo0Hctt-4jVF1ZdpWrKsd.&mime_type=video_mp4&qs=0&rc=NWQ7Mzw2NzhmOjs4ODhlZ0BpM3A3anY5cnZ0cDMzODgzNEAtMC1fYl42NTQxYmMzYzZeYSNhcTVhMmQ0LzZgLS1kLzFzcw%3D%3D&btag=e00098000&expire=1713708038&l=20240419135716A65B5559AE818104ABA0&ply_type=2&policy=2&signature=a594f21ba5c3b02af6f1fb45f58de579&tk=tt_chain_token","https://v16m-webapp.tiktokcdn-us.com/0a0a8b091fc4061fb0ae5013ad913f24/66251c06/video/tos/alisg/tos-alisg-pv-0037/911989efb1c54cb080d7db2544e7217c/?a=1988&bti=NDU3ZjAwOg%3D%3D&ch=0&cr=3&dr=0&lr=unwatermarked&cd=0%7C0%7C0%7C&cv=1&br=3942&bt=1971&cs=0&ds=6&ft=4KLMeMzm8Zmo0Hctt-4jVF1ZdpWrKsd.&mime_type=video_mp4&qs=13&rc=M3A3anY5cnZ0cDMzODgzNEBpM3A3anY5cnZ0cDMzODgzNEBhcTVhMmQ0LzZgLS1kLzFzYSNhcTVhMmQ0LzZgLS1kLzFzcw%3D%3D&l=20240419135716A65B5559AE818104ABA0&btag=e00058000","vie-VN","https://v16m-webapp.tiktokcdn-us.com/0a0a8b091fc4061fb0ae5013ad913f24/66251c06/video/tos/alisg/tos-alisg-pv-0037/911989efb1c54cb080d7db2544e7217c/?a=1988&bti=NDU3ZjAwOg%3D%3D&ch=0&cr=3&dr=0&lr=unwatermarked&cd=0%7C0%7C0%7C&cv=1&br=3942&bt=1971&cs=0&ds=6&ft=4KLMeMzm8Zmo0Hctt-4jVF1ZdpWrKsd.&mime_type=video_mp4&qs=13&rc=M3A3anY5cnZ0cDMzODgzNEBpM3A3anY5cnZ0cDMzODgzNEBhcTVhMmQ0LzZgLS1kLzFzYSNhcTVhMmQ0LzZgLS1kLzFzcw%3D%3D&l=20240419135716A65B5559AE818104ABA0&btag=e00058000","https://v16m-webapp.tiktokcdn-us.com/b17dc0f47da885026fa5c6dddb7531c2/66251c06/video/tos/alisg/tos-alisg-pv-0037/c9a6ca343cf24eef970619e8d375c498/?a=1988&bti=NDU3ZjAwOg%3D%3D&ch=0&cr=3&dr=0&lr=unwatermarked&cd=0%7C0%7C0%7C&cv=1&br=3942&bt=1971&cs=0&ds=6&ft=4KLMeMzm8Zmo0Hctt-4jVF1ZdpWrKsd.&mime_type=video_mp4&qs=13&rc=M3A3anY5cnZ0cDMzODgzNEBpM3A3anY5cnZ0cDMzODgzNEBhcTVhMmQ0LzZgLS1kLzFzYSNhcTVhMmQ0LzZgLS1kLzFzcw%3D%3D&l=20240419135716A65B5559AE818104ABA0&btag=e00058000","vie-VN","https://v16m-webapp.tiktokcdn-us.com/b17dc0f47da885026fa5c6dddb7531c2/66251c06/video/tos/alisg/tos-alisg-pv-0037/c9a6ca343cf24eef970619e8d375c498/?a=1988&bti=NDU3ZjAwOg%3D%3D&ch=0&cr=3&dr=0&lr=unwatermarked&cd=0%7C0%7C0%7C&cv=1&br=3942&bt=1971&cs=0&ds=6&ft=4KLMeMzm8Zmo0Hctt-4jVF1ZdpWrKsd.&mime_type=video_mp4&qs=13&rc=M3A3anY5cnZ0cDMzODgzNEBpM3A3anY5cnZ0cDMzODgzNEBhcTVhMmQ0LzZgLS1kLzFzYSNhcTVhMmQ0LzZgLS1kLzFzcw%3D%3D&l=20240419135716A65B5559AE818104ABA0&btag=e00058000",,,,,,,,,,,,,,,,,,,,,,,,,"576","Cùng Min Mặn Mòi đi cùng Lipovitan #LIPOVITAN #Lipovitan #NuocTangLucLipovitan #ThuongHieuNhatBan #Tet2024","17","https://www.tiktok.com/@lipovitan.vn/video/7319371314093919496","7","1200000","2024-01-02T05:39:25.000Z","3258"
"https://p16-sign-sg.tiktokcdn.com/obj/tos-alisg-p-0037/oUMFfCUDlBQrEuIFEDG6DAIQCBInfkkgQVQpsI?x-expires=1713704400&x-signature=8G%2B3oj0F545c7u3i4pUMT52Q6%2B4%3D","540p","https://v16-webapp-prime.us.tiktok.com/video/tos/alisg/tos-alisg-pve-0037/osDnnUMIIBIkIQE7tfVQCdrBwFfM6gEQgQAaFl/?a=1988&bti=NDU3ZjAwOg%3D%3D&ch=0&cr=3&dr=0&lr=unwatermarked&cd=0%7C0%7C0%7C&cv=1&br=2550&bt=1275&cs=0&ds=6&ft=4KJMyMzm8Zmo0Hctt-4jVF1ZdpWrKsd.&mime_type=video_mp4&qs=0&rc=ZGUzOTloZDM2NGk5OjdlaUBpMzVqNW85cmx0cDMzODgzNEAuLjBfLl9iNTAxXi5iLWJgYSMwNS1oMmQ0LzZgLS1kLzFzcw%3D%3D&btag=e00090000&expire=1713707922&l=20240419135716A65B5559AE818104ABA0&ply_type=2&policy=2&signature=9442ee048f766fe5573c8ce9b6ba1210&tk=tt_chain_token","85","mp4","1024","https://p16-sign-sg.tiktokcdn.com/obj/tos-alisg-p-0037/oUMFfCUDlBQrEuIFEDG6DAIQCBInfkkgQVQpsI?x-expires=1713704400&x-signature=8G%2B3oj0F545c7u3i4pUMT52Q6%2B4%3D","https://v16-webapp-prime.us.tiktok.com/video/tos/alisg/tos-alisg-pve-0037/osDnnUMIIBIkIQE7tfVQCdrBwFfM6gEQgQAaFl/?a=1988&bti=NDU3ZjAwOg%3D%3D&ch=0&cr=3&dr=0&lr=unwatermarked&cd=0%7C0%7C0%7C&cv=1&br=2550&bt=1275&cs=0&ds=6&ft=4KJMyMzm8Zmo0Hctt-4jVF1ZdpWrKsd.&mime_type=video_mp4&qs=0&rc=ZGUzOTloZDM2NGk5OjdlaUBpMzVqNW85cmx0cDMzODgzNEAuLjBfLl9iNTAxXi5iLWJgYSMwNS1oMmQ0LzZgLS1kLzFzcw%3D%3D&btag=e00090000&expire=1713707922&l=20240419135716A65B5559AE818104ABA0&ply_type=2&policy=2&signature=9442ee048f766fe5573c8ce9b6ba1210&tk=tt_chain_token","https://v16m-webapp.tiktokcdn-us.com/92b0ca2ffe4e28e72c7e56eed350d06e/66251b92/video/tos/alisg/tos-alisg-pv-0037/28b630828fdc46b190010dca67f36d9c/?a=1988&bti=NDU3ZjAwOg%3D%3D&ch=0&cr=3&dr=0&lr=unwatermarked&cd=0%7C0%7C0%7C&cv=1&br=2728&bt=1364&cs=0&ds=6&ft=4KLMeMzm8Zmo0Hctt-4jVF1ZdpWrKsd.&mime_type=video_mp4&qs=13&rc=MzVqNW85cmx0cDMzODgzNEBpMzVqNW85cmx0cDMzODgzNEAwNS1oMmQ0LzZgLS1kLzFzYSMwNS1oMmQ0LzZgLS1kLzFzcw%3D%3D&l=20240419135716A65B5559AE818104ABA0&btag=e00050000","vie-VN","https://v16m-webapp.tiktokcdn-us.com/92b0ca2ffe4e28e72c7e56eed350d06e/66251b92/video/tos/alisg/tos-alisg-pv-0037/28b630828fdc46b190010dca67f36d9c/?a=1988&bti=NDU3ZjAwOg%3D%3D&ch=0&cr=3&dr=0&lr=unwatermarked&cd=0%7C0%7C0%7C&cv=1&br=2728&bt=1364&cs=0&ds=6&ft=4KLMeMzm8Zmo0Hctt-4jVF1ZdpWrKsd.&mime_type=video_mp4&qs=13&rc=MzVqNW85cmx0cDMzODgzNEBpMzVqNW85cmx0cDMzODgzNEAwNS1oMmQ0LzZgLS1kLzFzYSMwNS1oMmQ0LzZgLS1kLzFzcw%3D%3D&l=20240419135716A65B5559AE818104ABA0&btag=e00050000","https://v16m-webapp.tiktokcdn-us.com/cc4374cd5ea54d480010b973c4f3234a/66251b92/video/tos/alisg/tos-alisg-pv-0037/5f3f3461415546348d2d9160661450fa/?a=1988&bti=NDU3ZjAwOg%3D%3D&ch=0&cr=3&dr=0&lr=unwatermarked&cd=0%7C0%7C0%7C&cv=1&br=2728&bt=1364&cs=0&ds=6&ft=4KLMeMzm8Zmo0Hctt-4jVF1ZdpWrKsd.&mime_type=video_mp4&qs=13&rc=MzVqNW85cmx0cDMzODgzNEBpMzVqNW85cmx0cDMzODgzNEAwNS1oMmQ0LzZgLS1kLzFzYSMwNS1oMmQ0LzZgLS1kLzFzcw%3D%3D&l=20240419135716A65B5559AE818104ABA0&btag=e00050000","vie-VN","https://v16m-webapp.tiktokcdn-us.com/cc4374cd5ea54d480010b973c4f3234a/66251b92/video/tos/alisg/tos-alisg-pv-0037/5f3f3461415546348d2d9160661450fa/?a=1988&bti=NDU3ZjAwOg%3D%3D&ch=0&cr=3&dr=0&lr=unwatermarked&cd=0%7C0%7C0%7C&cv=1&br=2728&bt=1364&cs=0&ds=6&ft=4KLMeMzm8Zmo0Hctt-4jVF1ZdpWrKsd.&mime_type=video_mp4&qs=13&rc=MzVqNW85cmx0cDMzODgzNEBpMzVqNW85cmx0cDMzODgzNEAwNS1oMmQ0LzZgLS1kLzFzYSMwNS1oMmQ0LzZgLS1kLzFzcw%3D%3D&l=20240419135716A65B5559AE818104ABA0&btag=e00050000",,,,,,,,,,,,,,,,,,,,,,,,,"576","Cùng Kiến Không Ngủ đi cùng Lipovitan #LIPOVITAN #Lipovitan #NuocTangLucLipovitan #ThuongHieuNhatBan #Tet2024","143","https://www.tiktok.com/@lipovitan.vn/video/7319370995943410952","326","5600000","2024-01-02T05:38:38.000Z","22600"
"https://p16-sign-sg.tiktokcdn.com/obj/tos-alisg-p-0037/oI8BElDJFFRgkQn3gVeuABdC24CIQUCfgl6CRE?x-expires=1713704400&x-signature=mkvOJxi4oXjT7JJJ3reetH1XtSU%3D","540p","https://v16-webapp-prime.us.tiktok.com/video/tos/alisg/tos-alisg-pve-0037/owZQANZmOBBriW9I8hTbBA83lOoEAPiY4VoIY/?a=1988&bti=NDU3ZjAwOg%3D%3D&ch=0&cr=3&dr=0&lr=unwatermarked&cd=0%7C0%7C0%7C&cv=1&br=5362&bt=2681&cs=0&ds=6&ft=4KJMyMzm8Zmo0Hctt-4jVF1ZdpWrKsd.&mime_type=video_mp4&qs=0&rc=ODc2Zjs5ODszZzU2NzdnZ0Bpajs3anY5cjt0cDMzODgzNEAwMzM1LjQ2XmExMDY0YWNeYSNvcTVhMmQ0LzZgLS1kLzFzcw%3D%3D&btag=e00098000&expire=1713708021&l=20240419135716A65B5559AE818104ABA0&ply_type=2&policy=2&signature=574afa14c8cc9f434064d5e139b8737c&tk=tt_chain_token","184","mp4","1024","https://p16-sign-sg.tiktokcdn.com/obj/tos-alisg-p-0037/oI8BElDJFFRgkQn3gVeuABdC24CIQUCfgl6CRE?x-expires=1713704400&x-signature=mkvOJxi4oXjT7JJJ3reetH1XtSU%3D","https://v16-webapp-prime.us.tiktok.com/video/tos/alisg/tos-alisg-pve-0037/owZQANZmOBBriW9I8hTbBA83lOoEAPiY4VoIY/?a=1988&bti=NDU3ZjAwOg%3D%3D&ch=0&cr=3&dr=0&lr=unwatermarked&cd=0%7C0%7C0%7C&cv=1&br=5362&bt=2681&cs=0&ds=6&ft=4KJMyMzm8Zmo0Hctt-4jVF1ZdpWrKsd.&mime_type=video_mp4&qs=0&rc=ODc2Zjs5ODszZzU2NzdnZ0Bpajs3anY5cjt0cDMzODgzNEAwMzM1LjQ2XmExMDY0YWNeYSNvcTVhMmQ0LzZgLS1kLzFzcw%3D%3D&btag=e00098000&expire=1713708021&l=20240419135716A65B5559AE818104ABA0&ply_type=2&policy=2&signature=574afa14c8cc9f434064d5e139b8737c&tk=tt_chain_token","https://v16m-webapp.tiktokcdn-us.com/e504b4e78bf4bccbcd7eb6e85e07406f/66251bf5/video/tos/alisg/tos-alisg-pv-0037/3f73327faf7441e3a681321f9e063a32/?a=1988&bti=NDU3ZjAwOg%3D%3D&ch=0&cr=3&dr=0&lr=unwatermarked&cd=0%7C0%7C0%7C&cv=1&br=5774&bt=2887&cs=0&ds=6&ft=4KLMeMzm8Zmo0Hctt-4jVF1ZdpWrKsd.&mime_type=video_mp4&qs=13&rc=ajs3anY5cjt0cDMzODgzNEBpajs3anY5cjt0cDMzODgzNEBvcTVhMmQ0LzZgLS1kLzFzYSNvcTVhMmQ0LzZgLS1kLzFzcw%3D%3D&l=20240419135716A65B5559AE818104ABA0&btag=e00058000","vie-VN","https://v16m-webapp.tiktokcdn-us.com/e504b4e78bf4bccbcd7eb6e85e07406f/66251bf5/video/tos/alisg/tos-alisg-pv-0037/3f73327faf7441e3a681321f9e063a32/?a=1988&bti=NDU3ZjAwOg%3D%3D&ch=0&cr=3&dr=0&lr=unwatermarked&cd=0%7C0%7C0%7C&cv=1&br=5774&bt=2887&cs=0&ds=6&ft=4KLMeMzm8Zmo0Hctt-4jVF1ZdpWrKsd.&mime_type=video_mp4&qs=13&rc=ajs3anY5cjt0cDMzODgzNEBpajs3anY5cjt0cDMzODgzNEBvcTVhMmQ0LzZgLS1kLzFzYSNvcTVhMmQ0LzZgLS1kLzFzcw%3D%3D&l=20240419135716A65B5559AE818104ABA0&btag=e00058000","https://v16m-webapp.tiktokcdn-us.com/58dd598ff7e1bb85cca8722278ac505a/66251bf5/video/tos/alisg/tos-alisg-pv-0037/4d601f1530da4a4581715e7f11f4173a/?a=1988&bti=NDU3ZjAwOg%3D%3D&ch=0&cr=3&dr=0&lr=unwatermarked&cd=0%7C0%7C0%7C&cv=1&br=5774&bt=2887&cs=0&ds=6&ft=4KLMeMzm8Zmo0Hctt-4jVF1ZdpWrKsd.&mime_type=video_mp4&qs=13&rc=ajs3anY5cjt0cDMzODgzNEBpajs3anY5cjt0cDMzODgzNEBvcTVhMmQ0LzZgLS1kLzFzYSNvcTVhMmQ0LzZgLS1kLzFzcw%3D%3D&l=20240419135716A65B5559AE818104ABA0&btag=e00058000","vie-VN","https://v16m-webapp.tiktokcdn-us.com/58dd598ff7e1bb85cca8722278ac505a/66251bf5/video/tos/alisg/tos-alisg-pv-0037/4d601f1530da4a4581715e7f11f4173a/?a=1988&bti=NDU3ZjAwOg%3D%3D&ch=0&cr=3&dr=0&lr=unwatermarked&cd=0%7C0%7C0%7C&cv=1&br=5774&bt=2887&cs=0&ds=6&ft=4KLMeMzm8Zmo0Hctt-4jVF1ZdpWrKsd.&mime_type=video_mp4&qs=13&rc=ajs3anY5cjt0cDMzODgzNEBpajs3anY5cjt0cDMzODgzNEBvcTVhMmQ0LzZgLS1kLzFzYSNvcTVhMmQ0LzZgLS1kLzFzcw%3D%3D&l=20240419135716A65B5559AE818104ABA0&btag=e00058000",,,,,,,,,,,,,,,,,,,,,,,,,"576","Cùng Huyền Phi đi cùng Lipovitan #LIPOVITAN #Lipovitan #NuocTangLucLipovitan #ThuongHieuNhatBan #Tet2024","91","https://www.tiktok.com/@lipovitan.vn/video/7319370817857441031","53","4300000","2024-01-02T05:37:57.000Z","11700"
"https://p16-sign-sg.tiktokcdn.com/obj/tos-alisg-p-0037/ooyHqXTJ4ALEdAiKyA6IHPZAwyBDw3fSFBoBit?x-expires=1713704400&x-signature=rBn03KO0O231mr8t8Bo5LpCc7OM%3D","540p","https://v16-webapp-prime.us.tiktok.com/video/tos/alisg/tos-alisg-pve-0037/oo6B30xfGTwlFBAkQDSaVoXDgEQCU6gOSHkdIf/?a=1988&bti=NDU3ZjAwOg%3D%3D&ch=0&cr=3&dr=0&lr=unwatermarked&cd=0%7C0%7C0%7C&cv=1&br=2272&bt=1136&cs=0&ds=6&ft=4KJMyMzm8Zmo0Hctt-4jVF1ZdpWrKsd.&mime_type=video_mp4&qs=0&rc=aGk6ZGU6OjxnaGY1ODVlM0BpamVpa2w5cnZ0cDMzODgzNEAvMC4wYS4vXy0xXy8xYTUvYSNqaGwxMmRjLjZgLS1kLzFzcw%3D%3D&btag=e00098000&expire=1713708038&l=20240419135716A65B5559AE818104ABA0&ply_type=2&policy=2&signature=bf94098ae9b2c319b4c457a15c92f246&tk=tt_chain_token","201","mp4","1024","https://p16-sign-sg.tiktokcdn.com/obj/tos-alisg-p-0037/ooyHqXTJ4ALEdAiKyA6IHPZAwyBDw3fSFBoBit?x-expires=1713704400&x-signature=rBn03KO0O231mr8t8Bo5LpCc7OM%3D","https://v16-webapp-prime.us.tiktok.com/video/tos/alisg/tos-alisg-pve-0037/oo6B30xfGTwlFBAkQDSaVoXDgEQCU6gOSHkdIf/?a=1988&bti=NDU3ZjAwOg%3D%3D&ch=0&cr=3&dr=0&lr=unwatermarked&cd=0%7C0%7C0%7C&cv=1&br=2272&bt=1136&cs=0&ds=6&ft=4KJMyMzm8Zmo0Hctt-4jVF1ZdpWrKsd.&mime_type=video_mp4&qs=0&rc=aGk6ZGU6OjxnaGY1ODVlM0BpamVpa2w5cnZ0cDMzODgzNEAvMC4wYS4vXy0xXy8xYTUvYSNqaGwxMmRjLjZgLS1kLzFzcw%3D%3D&btag=e00098000&expire=1713708038&l=20240419135716A65B5559AE818104ABA0&ply_type=2&policy=2&signature=bf94098ae9b2c319b4c457a15c92f246&tk=tt_chain_token","https://v16m-webapp.tiktokcdn-us.com/604f7723f6721cab01a9f5d158f996fe/66251c06/video/tos/alisg/tos-alisg-pv-0037/33d11a4b694c425db81c2a4960e11388/?a=1988&bti=NDU3ZjAwOg%3D%3D&ch=0&cr=3&dr=0&lr=unwatermarked&cd=0%7C0%7C0%7C&cv=1&br=2410&bt=1205&cs=0&ds=6&ft=4KLMeMzm8Zmo0Hctt-4jVF1ZdpWrKsd.&mime_type=video_mp4&qs=13&rc=amVpa2w5cnZ0cDMzODgzNEBpamVpa2w5cnZ0cDMzODgzNEBqaGwxMmRjLjZgLS1kLzFzYSNqaGwxMmRjLjZgLS1kLzFzcw%3D%3D&l=20240419135716A65B5559AE818104ABA0&btag=e00058000","vie-VN","https://v16m-webapp.tiktokcdn-us.com/604f7723f6721cab01a9f5d158f996fe/66251c06/video/tos/alisg/tos-alisg-pv-0037/33d11a4b694c425db81c2a4960e11388/?a=1988&bti=NDU3ZjAwOg%3D%3D&ch=0&cr=3&dr=0&lr=unwatermarked&cd=0%7C0%7C0%7C&cv=1&br=2410&bt=1205&cs=0&ds=6&ft=4KLMeMzm8Zmo0Hctt-4jVF1ZdpWrKsd.&mime_type=video_mp4&qs=13&rc=amVpa2w5cnZ0cDMzODgzNEBpamVpa2w5cnZ0cDMzODgzNEBqaGwxMmRjLjZgLS1kLzFzYSNqaGwxMmRjLjZgLS1kLzFzcw%3D%3D&l=20240419135716A65B5559AE818104ABA0&btag=e00058000","https://v16m-webapp.tiktokcdn-us.com/6c2229e63ab0e7bbbeb92a3521f99dc0/66251c06/video/tos/alisg/tos-alisg-pv-0037/d5f1ab3e123e4d138e88a3536d16982f/?a=1988&bti=NDU3ZjAwOg%3D%3D&ch=0&cr=3&dr=0&lr=unwatermarked&cd=0%7C0%7C0%7C&cv=1&br=2410&bt=1205&cs=0&ds=6&ft=4KLMeMzm8Zmo0Hctt-4jVF1ZdpWrKsd.&mime_type=video_mp4&qs=13&rc=amVpa2w5cnZ0cDMzODgzNEBpamVpa2w5cnZ0cDMzODgzNEBqaGwxMmRjLjZgLS1kLzFzYSNqaGwxMmRjLjZgLS1kLzFzcw%3D%3D&l=20240419135716A65B5559AE818104ABA0&btag=e00058000","vie-VN","https://v16m-webapp.tiktokcdn-us.com/6c2229e63ab0e7bbbeb92a3521f99dc0/66251c06/video/tos/alisg/tos-alisg-pv-0037/d5f1ab3e123e4d138e88a3536d16982f/?a=1988&bti=NDU3ZjAwOg%3D%3D&ch=0&cr=3&dr=0&lr=unwatermarked&cd=0%7C0%7C0%7C&cv=1&br=2410&bt=1205&cs=0&ds=6&ft=4KLMeMzm8Zmo0Hctt-4jVF1ZdpWrKsd.&mime_type=video_mp4&qs=13&rc=amVpa2w5cnZ0cDMzODgzNEBpamVpa2w5cnZ0cDMzODgzNEBqaGwxMmRjLjZgLS1kLzFzYSNqaGwxMmRjLjZgLS1kLzFzcw%3D%3D&l=20240419135716A65B5559AE818104ABA0&btag=e00058000",,,,,,,,,,,,,,,,,,,,,,,,,"576","Cùng Hái Gia Liu đi cùng Lipovitan #LIPOVITAN #Lipovitan #NuocTangLucLipovitan #ThuongHieuNhatBan #Tet2024","27","https://www.tiktok.com/@lipovitan.vn/video/7319370704934210834","11","1200000","2024-01-02T05:37:17.000Z","2169"
"https://p16-sign-sg.tiktokcdn.com/obj/tos-alisg-p-0037/ocDeTMfFAK80LFUEmPkCAeoNEJIDoEvAram2E3?x-expires=1713704400&x-signature=6NYtxWoXVDLou%2FUnCEcU7YdpFmE%3D","540p","https://v16-webapp-prime.us.tiktok.com/video/tos/alisg/tos-alisg-pve-0037/oICEauFJ8IDgekQAFNbAfvEeLTE2rwKDoOO0oC/?a=1988&bti=NDU3ZjAwOg%3D%3D&ch=0&cr=3&dr=0&lr=unwatermarked&cd=0%7C0%7C0%7C&cv=1&br=2068&bt=1034&cs=0&ds=6&ft=4KJMyMzm8Zmo0Hctt-4jVF1ZdpWrKsd.&mime_type=video_mp4&qs=0&rc=OTo3OzdoNjQ2aTo6NWRpM0BpanY8ZWw5cml0cDMzODgzNEBgYGEtNmIxXjExX182LWMuYSMzaW1jMmRrLjZgLS1kLzFzcw%3D%3D&btag=e00090000&expire=1713707951&l=20240419135716A65B5559AE818104ABA0&ply_type=2&policy=2&signature=9ebd19643d84bb1c8dc6a97234b34378&tk=tt_chain_token","114","mp4","1024","https://p16-sign-sg.tiktokcdn.com/obj/tos-alisg-p-0037/ocDeTMfFAK80LFUEmPkCAeoNEJIDoEvAram2E3?x-expires=1713704400&x-signature=6NYtxWoXVDLou%2FUnCEcU7YdpFmE%3D","https://v16-webapp-prime.us.tiktok.com/video/tos/alisg/tos-alisg-pve-0037/oICEauFJ8IDgekQAFNbAfvEeLTE2rwKDoOO0oC/?a=1988&bti=NDU3ZjAwOg%3D%3D&ch=0&cr=3&dr=0&lr=unwatermarked&cd=0%7C0%7C0%7C&cv=1&br=2068&bt=1034&cs=0&ds=6&ft=4KJMyMzm8Zmo0Hctt-4jVF1ZdpWrKsd.&mime_type=video_mp4&qs=0&rc=OTo3OzdoNjQ2aTo6NWRpM0BpanY8ZWw5cml0cDMzODgzNEBgYGEtNmIxXjExX182LWMuYSMzaW1jMmRrLjZgLS1kLzFzcw%3D%3D&btag=e00090000&expire=1713707951&l=20240419135716A65B5559AE818104ABA0&ply_type=2&policy=2&signature=9ebd19643d84bb1c8dc6a97234b34378&tk=tt_chain_token","https://v16m-webapp.tiktokcdn-us.com/89312936bc322f73d6a27aa970bbea39/66251baf/video/tos/alisg/tos-alisg-pv-0037/c82e67d27a0f41379c04ceaa659095ba/?a=1988&bti=NDU3ZjAwOg%3D%3D&ch=0&cr=3&dr=0&lr=unwatermarked&cd=0%7C0%7C0%7C&cv=1&br=2148&bt=1074&cs=0&ds=6&ft=4KLMeMzm8Zmo0Hctt-4jVF1ZdpWrKsd.&mime_type=video_mp4&qs=13&rc=anY8ZWw5cml0cDMzODgzNEBpanY8ZWw5cml0cDMzODgzNEAzaW1jMmRrLjZgLS1kLzFzYSMzaW1jMmRrLjZgLS1kLzFzcw%3D%3D&l=20240419135716A65B5559AE818104ABA0&btag=e00050000","vie-VN","https://v16m-webapp.tiktokcdn-us.com/89312936bc322f73d6a27aa970bbea39/66251baf/video/tos/alisg/tos-alisg-pv-0037/c82e67d27a0f41379c04ceaa659095ba/?a=1988&bti=NDU3ZjAwOg%3D%3D&ch=0&cr=3&dr=0&lr=unwatermarked&cd=0%7C0%7C0%7C&cv=1&br=2148&bt=1074&cs=0&ds=6&ft=4KLMeMzm8Zmo0Hctt-4jVF1ZdpWrKsd.&mime_type=video_mp4&qs=13&rc=anY8ZWw5cml0cDMzODgzNEBpanY8ZWw5cml0cDMzODgzNEAzaW1jMmRrLjZgLS1kLzFzYSMzaW1jMmRrLjZgLS1kLzFzcw%3D%3D&l=20240419135716A65B5559AE818104ABA0&btag=e00050000","https://v16m-webapp.tiktokcdn-us.com/fa9a1510d3709435aa508167a43e2911/66251baf/video/tos/alisg/tos-alisg-pv-0037/e373f242dba7449896c6c35a6032f23e/?a=1988&bti=NDU3ZjAwOg%3D%3D&ch=0&cr=3&dr=0&lr=unwatermarked&cd=0%7C0%7C0%7C&cv=1&br=2148&bt=1074&cs=0&ds=6&ft=4KLMeMzm8Zmo0Hctt-4jVF1ZdpWrKsd.&mime_type=video_mp4&qs=13&rc=anY8ZWw5cml0cDMzODgzNEBpanY8ZWw5cml0cDMzODgzNEAzaW1jMmRrLjZgLS1kLzFzYSMzaW1jMmRrLjZgLS1kLzFzcw%3D%3D&l=20240419135716A65B5559AE818104ABA0&btag=e00050000","vie-VN","https://v16m-webapp.tiktokcdn-us.com/fa9a1510d3709435aa508167a43e2911/66251baf/video/tos/alisg/tos-alisg-pv-0037/e373f242dba7449896c6c35a6032f23e/?a=1988&bti=NDU3ZjAwOg%3D%3D&ch=0&cr=3&dr=0&lr=unwatermarked&cd=0%7C0%7C0%7C&cv=1&br=2148&bt=1074&cs=0&ds=6&ft=4KLMeMzm8Zmo0Hctt-4jVF1ZdpWrKsd.&mime_type=video_mp4&qs=13&rc=anY8ZWw5cml0cDMzODgzNEBpanY8ZWw5cml0cDMzODgzNEAzaW1jMmRrLjZgLS1kLzFzYSMzaW1jMmRrLjZgLS1kLzFzcw%3D%3D&l=20240419135716A65B5559AE818104ABA0&btag=e00050000",,,,,,,,,,,,,,,,,,,,,,,,,"576","Cùng Cao Cường Vũ đi cùng Lipovitan #LIPOVITAN #Lipovitan #NuocTangLucLipovitan #ThuongHieuNhatBan #Tet2024","157","https://www.tiktok.com/@lipovitan.vn/video/7319370477871336711","142","4400000","2024-01-02T05:36:31.000Z","19200"
"https://p16-sign-sg.tiktokcdn.com/obj/tos-alisg-p-0037/o4C2AQjJ5LkwKE0BILIGWQeeQrf4AEokDonDnr?x-expires=1713704400&x-signature=OJXYp4lKitSwx1KTY1jDBgBkb98%3D","540p","https://v16-webapp-prime.us.tiktok.com/video/tos/alisg/tos-alisg-pve-0037/oExrolSKfAByQSDBCMXTCFEgUFVE6krXTUEIBf/?a=1988&bti=NDU3ZjAwOg%3D%3D&ch=0&cr=3&dr=0&lr=unwatermarked&cd=0%7C0%7C0%7C&cv=1&br=2864&bt=1432&cs=0&ds=6&ft=4KJMyMzm8Zmo0Hctt-4jVF1ZdpWrKsd.&mime_type=video_mp4&qs=0&rc=N2g5NjZoNDtnZTc4N2g7ZUBpanI7ZG85cjN0cDMzODgzNEA0MS1gYTAwXl8xM19jYzBgYSNzZzZlMmRjLjZgLS1kLzFzcw%3D%3D&btag=e00090000&expire=1713707970&l=20240419135716A65B5559AE818104ABA0&ply_type=2&policy=2&signature=568d6736ccb6eaa662fcfbfe1183ebc5&tk=tt_chain_token","133","mp4","1024","https://p16-sign-sg.tiktokcdn.com/obj/tos-alisg-p-0037/o4C2AQjJ5LkwKE0BILIGWQeeQrf4AEokDonDnr?x-expires=1713704400&x-signature=OJXYp4lKitSwx1KTY1jDBgBkb98%3D","https://v16-webapp-prime.us.tiktok.com/video/tos/alisg/tos-alisg-pve-0037/oExrolSKfAByQSDBCMXTCFEgUFVE6krXTUEIBf/?a=1988&bti=NDU3ZjAwOg%3D%3D&ch=0&cr=3&dr=0&lr=unwatermarked&cd=0%7C0%7C0%7C&cv=1&br=2864&bt=1432&cs=0&ds=6&ft=4KJMyMzm8Zmo0Hctt-4jVF1ZdpWrKsd.&mime_type=video_mp4&qs=0&rc=N2g5NjZoNDtnZTc4N2g7ZUBpanI7ZG85cjN0cDMzODgzNEA0MS1gYTAwXl8xM19jYzBgYSNzZzZlMmRjLjZgLS1kLzFzcw%3D%3D&btag=e00090000&expire=1713707970&l=20240419135716A65B5559AE818104ABA0&ply_type=2&policy=2&signature=568d6736ccb6eaa662fcfbfe1183ebc5&tk=tt_chain_token","https://v16m-webapp.tiktokcdn-us.com/ca568a248ff61f520c5c98829851094d/66251bc2/video/tos/alisg/tos-alisg-pv-0037/c02c9c28d082489c8f3ffc9fa37bdc1e/?a=1988&bti=NDU3ZjAwOg%3D%3D&ch=0&cr=3&dr=0&lr=unwatermarked&cd=0%7C0%7C0%7C&cv=1&br=3070&bt=1535&cs=0&ds=6&ft=4KLMeMzm8Zmo0Hctt-4jVF1ZdpWrKsd.&mime_type=video_mp4&qs=13&rc=anI7ZG85cjN0cDMzODgzNEBpanI7ZG85cjN0cDMzODgzNEBzZzZlMmRjLjZgLS1kLzFzYSNzZzZlMmRjLjZgLS1kLzFzcw%3D%3D&l=20240419135716A65B5559AE818104ABA0&btag=e00050000","vie-VN","https://v16m-webapp.tiktokcdn-us.com/ca568a248ff61f520c5c98829851094d/66251bc2/video/tos/alisg/tos-alisg-pv-0037/c02c9c28d082489c8f3ffc9fa37bdc1e/?a=1988&bti=NDU3ZjAwOg%3D%3D&ch=0&cr=3&dr=0&lr=unwatermarked&cd=0%7C0%7C0%7C&cv=1&br=3070&bt=1535&cs=0&ds=6&ft=4KLMeMzm8Zmo0Hctt-4jVF1ZdpWrKsd.&mime_type=video_mp4&qs=13&rc=anI7ZG85cjN0cDMzODgzNEBpanI7ZG85cjN0cDMzODgzNEBzZzZlMmRjLjZgLS1kLzFzYSNzZzZlMmRjLjZgLS1kLzFzcw%3D%3D&l=20240419135716A65B5559AE818104ABA0&btag=e00050000","https://v16m-webapp.tiktokcdn-us.com/f26ea17d61c010750d64b51547fbc2cb/66251bc2/video/tos/alisg/tos-alisg-pv-0037/9411780bb8524d5eadfc9b8ab38c4c0a/?a=1988&bti=NDU3ZjAwOg%3D%3D&ch=0&cr=3&dr=0&lr=unwatermarked&cd=0%7C0%7C0%7C&cv=1&br=3070&bt=1535&cs=0&ds=6&ft=4KLMeMzm8Zmo0Hctt-4jVF1ZdpWrKsd.&mime_type=video_mp4&qs=13&rc=anI7ZG85cjN0cDMzODgzNEBpanI7ZG85cjN0cDMzODgzNEBzZzZlMmRjLjZgLS1kLzFzYSNzZzZlMmRjLjZgLS1kLzFzcw%3D%3D&l=20240419135716A65B5559AE818104ABA0&btag=e00050000","vie-VN","https://v16m-webapp.tiktokcdn-us.com/f26ea17d61c010750d64b51547fbc2cb/66251bc2/video/tos/alisg/tos-alisg-pv-0037/9411780bb8524d5eadfc9b8ab38c4c0a/?a=1988&bti=NDU3ZjAwOg%3D%3D&ch=0&cr=3&dr=0&lr=unwatermarked&cd=0%7C0%7C0%7C&cv=1&br=3070&bt=1535&cs=0&ds=6&ft=4KLMeMzm8Zmo0Hctt-4jVF1ZdpWrKsd.&mime_type=video_mp4&qs=13&rc=anI7ZG85cjN0cDMzODgzNEBpanI7ZG85cjN0cDMzODgzNEBzZzZlMmRjLjZgLS1kLzFzYSNzZzZlMmRjLjZgLS1kLzFzcw%3D%3D&l=20240419135716A65B5559AE818104ABA0&btag=e00050000",,,,,,,,,,,,,,,,,,,,,,,,,"576","Anh Bộ Đoại Việt Anh đi cùng Lipovitan! ​#LIPOVITAN #Lipovitan #NuocTangLucLipovitan #ThuongHieuNhatBan #Tet2024","101","https://www.tiktok.com/@lipovitan.vn/video/7319370370090274056","120","3800000","2024-01-02T05:35:39.000Z","12500"
"https://p16-sign-sg.tiktokcdn.com/obj/tos-alisg-p-0037/86220534022540f4a520708ccf706df1_1704173671?x-expires=1713704400&x-signature=6Ey%2FX4008p5IwzyMgjxFUtOVEFY%3D","540p","https://v16-webapp-prime.us.tiktok.com/video/tos/alisg/tos-alisg-pve-0037/oo0EeJgyCL02ACoe5LXlrkADAIQ4eDhGIToGoZ/?a=1988&bti=NDU3ZjAwOg%3D%3D&ch=0&cr=3&dr=0&lr=unwatermarked&cd=0%7C0%7C0%7C&cv=1&br=1962&bt=981&cs=0&ds=6&ft=4KJMyMzm8Zmo0Hctt-4jVF1ZdpWrKsd.&mime_type=video_mp4&qs=0&rc=ZDY4ZWQzZzZlZjU3NGVlPEBpamptZW85cjd0cDMzODgzNEA0YDUvMjM1NjAxYDMyNWItYSNxaG9sMmRrLTZgLS1kLzFzcw%3D%3D&btag=e00088000&expire=1713707853&l=20240419135716A65B5559AE818104ABA0&ply_type=2&policy=2&signature=5ace6869b5ae9dca4bb5ed872288c5e4&tk=tt_chain_token","16","mp4","1024","https://p16-sign-sg.tiktokcdn.com/obj/tos-alisg-p-0037/86220534022540f4a520708ccf706df1_1704173671?x-expires=1713704400&x-signature=6Ey%2FX4008p5IwzyMgjxFUtOVEFY%3D","https://v16-webapp-prime.us.tiktok.com/video/tos/alisg/tos-alisg-pve-0037/oo0EeJgyCL02ACoe5LXlrkADAIQ4eDhGIToGoZ/?a=1988&bti=NDU3ZjAwOg%3D%3D&ch=0&cr=3&dr=0&lr=unwatermarked&cd=0%7C0%7C0%7C&cv=1&br=1962&bt=981&cs=0&ds=6&ft=4KJMyMzm8Zmo0Hctt-4jVF1ZdpWrKsd.&mime_type=video_mp4&qs=0&rc=ZDY4ZWQzZzZlZjU3NGVlPEBpamptZW85cjd0cDMzODgzNEA0YDUvMjM1NjAxYDMyNWItYSNxaG9sMmRrLTZgLS1kLzFzcw%3D%3D&btag=e00088000&expire=1713707853&l=20240419135716A65B5559AE818104ABA0&ply_type=2&policy=2&signature=5ace6869b5ae9dca4bb5ed872288c5e4&tk=tt_chain_token",,,,,,,,,,,,,,,,,,,,,,,,,,,,,,,"576","Tết Rồng Phúc Quý - Năng Lượng Như Ý #LIPOVITAN #Lipovitan #NuocTangLucLipovitan #ThuongHieuNhatBan #Tet2024","85","https://www.tiktok.com/@lipovitan.vn/video/7319370024987184391","75","8000000","2024-01-02T05:34:28.000Z","7113"
"https://p16-sign-sg.tiktokcdn.com/obj/tos-alisg-p-0037/oQQWeQWAnvz5RfmnDGIr7TFkMEEFxAf2EPJ6Zf?x-expires=1713704400&x-signature=PWe4wuQd34WheToxFB6QNTT3a1c%3D","540p","https://v16-webapp-prime.us.tiktok.com/video/tos/alisg/tos-alisg-pve-0037/ooqWDEAxQ5WgrmJAIFTf7QFDZTmDoGfn21AMef/?a=1988&bti=NDU3ZjAwOg%3D%3D&ch=0&cr=3&dr=0&lr=unwatermarked&cd=0%7C0%7C0%7C&cv=1&br=1976&bt=988&cs=0&ds=6&ft=4KJMyMzm8Zmo0Hctt-4jVF1ZdpWrKsd.&mime_type=video_mp4&qs=0&rc=ZzVpNzppZTZlPGQzODNoZEBpanc2ZXU5cnFzcDMzODgzNEAuXzM1Yy5jNWIxNjIzLi5gYSNtXzRiMmRzczZgLS1kLzFzcw%3D%3D&btag=e00088000&expire=1713707853&l=20240419135716A65B5559AE818104ABA0&ply_type=2&policy=2&signature=c70cf6e1a085fd093207827c1d329d8a&tk=tt_chain_token","16","mp4","1024","https://p16-sign-sg.tiktokcdn.com/obj/tos-alisg-p-0037/oQQWeQWAnvz5RfmnDGIr7TFkMEEFxAf2EPJ6Zf?x-expires=1713704400&x-signature=PWe4wuQd34WheToxFB6QNTT3a1c%3D","https://v16-webapp-prime.us.tiktok.com/video/tos/alisg/tos-alisg-pve-0037/ooqWDEAxQ5WgrmJAIFTf7QFDZTmDoGfn21AMef/?a=1988&bti=NDU3ZjAwOg%3D%3D&ch=0&cr=3&dr=0&lr=unwatermarked&cd=0%7C0%7C0%7C&cv=1&br=1976&bt=988&cs=0&ds=6&ft=4KJMyMzm8Zmo0Hctt-4jVF1ZdpWrKsd.&mime_type=video_mp4&qs=0&rc=ZzVpNzppZTZlPGQzODNoZEBpanc2ZXU5cnFzcDMzODgzNEAuXzM1Yy5jNWIxNjIzLi5gYSNtXzRiMmRzczZgLS1kLzFzcw%3D%3D&btag=e00088000&expire=1713707853&l=20240419135716A65B5559AE818104ABA0&ply_type=2&policy=2&signature=c70cf6e1a085fd093207827c1d329d8a&tk=tt_chain_token",,,,,,,,,,,,,,,,,,,,,,,,,,,,,,,"576","Về nhà ăn Tết cùng Lipovitan, nhận ngay năng lượng tích cực, đón Tết cực vui! #LIPOVITAN #Lipovitan #NuocTangLucLipovitan #ThuongHieuNhatBan #Tet2024","98","https://www.tiktok.com/@lipovitan.vn/video/7319369498941787410","20","8400000","2024-01-02T05:32:47.000Z","6574"
"https://p16-sign-sg.tiktokcdn.com/obj/tos-alisg-p-0037/3f0157a747d343198f8dc6cb2e238491_1704173510?x-expires=1713704400&x-signature=bbGIQxHZXDJAPUKJSEFQBeKpYXw%3D","540p","https://v16-webapp-prime.us.tiktok.com/video/tos/alisg/tos-alisg-pve-0037/oIlAXgnwAReEzfoLrMDCDJVD8EEQIQFTDGCJfD/?a=1988&bti=NDU3ZjAwOg%3D%3D&ch=0&cr=3&dr=0&lr=unwatermarked&cd=0%7C0%7C0%7C&cv=1&br=2028&bt=1014&cs=0&ds=6&ft=4KJMyMzm8Zmo0Hctt-4jVF1ZdpWrKsd.&mime_type=video_mp4&qs=0&rc=ZThoOTo7MzY3Zjs7NDo3ZkBpajNub3k5cmZzcDMzODgzNEAtMzZiLjVgXy0xXjYwLi4zYSMuZ241MmQ0czZgLS1kLzFzcw%3D%3D&btag=e00088000&expire=1713707853&l=20240419135716A65B5559AE818104ABA0&ply_type=2&policy=2&signature=e54c0e96bb6e52cd458738295abe785e&tk=tt_chain_token","16","mp4","1024","https://p16-sign-sg.tiktokcdn.com/obj/tos-alisg-p-0037/3f0157a747d343198f8dc6cb2e238491_1704173510?x-expires=1713704400&x-signature=bbGIQxHZXDJAPUKJSEFQBeKpYXw%3D","https://v16-webapp-prime.us.tiktok.com/video/tos/alisg/tos-alisg-pve-0037/oIlAXgnwAReEzfoLrMDCDJVD8EEQIQFTDGCJfD/?a=1988&bti=NDU3ZjAwOg%3D%3D&ch=0&cr=3&dr=0&lr=unwatermarked&cd=0%7C0%7C0%7C&cv=1&br=2028&bt=1014&cs=0&ds=6&ft=4KJMyMzm8Zmo0Hctt-4jVF1ZdpWrKsd.&mime_type=video_mp4&qs=0&rc=ZThoOTo7MzY3Zjs7NDo3ZkBpajNub3k5cmZzcDMzODgzNEAtMzZiLjVgXy0xXjYwLi4zYSMuZ241MmQ0czZgLS1kLzFzcw%3D%3D&btag=e00088000&expire=1713707853&l=20240419135716A65B5559AE818104ABA0&ply_type=2&policy=2&signature=e54c0e96bb6e52cd458738295abe785e&tk=tt_chain_token",,,,,,,,,,,,,,,,,,,,,,,,,,,,,,,"576","Tết Rồng Phú Quý, tràn đầy năng lượng cùng Lipovitan! ​#LIPOVITAN #Lipovitan #NuocTangLucLipovitan #ThuongHieuNhatBan #Tet2024","89","https://www.tiktok.com/@lipovitan.vn/video/7319369293962022151","74","8300000","2024-01-02T05:31:48.000Z","6988"
"https://p16-sign-sg.tiktokcdn.com/obj/tos-alisg-p-0037/o4AEnFSe6JFsDPocrfSCzzErAoEUDcjQQLfUIG?x-expires=1713704400&x-signature=R7F6eb3YwTl0Kf8R9q1eJiKDC%2B4%3D","540p","https://v16-webapp-prime.us.tiktok.com/video/tos/alisg/tos-alisg-pve-0037/oovKTpXAAQAiFJwi11BIqyE5yICfunKdciDBSp/?a=1988&bti=NDU3ZjAwOg%3D%3D&ch=0&cr=3&dr=0&lr=unwatermarked&cd=0%7C0%7C0%7C&cv=1&br=2062&bt=1031&cs=0&ds=6&ft=4KJMyMzm8Zmo0Hctt-4jVF1ZdpWrKsd.&mime_type=video_mp4&qs=0&rc=NTllaWY2aTo6OWk6OTg2aUBpajs7ZG85cnFzcDMzODgzNEA2M2A0NTMvXmMxLy4wX2A0YSMuZjZlMmRrcjZgLS1kLzFzcw%3D%3D&btag=e00088000&expire=1713707853&l=20240419135716A65B5559AE818104ABA0&ply_type=2&policy=2&signature=c6075a9928e9518a68ea9a457e2b9273&tk=tt_chain_token","16","mp4","1024","https://p16-sign-sg.tiktokcdn.com/obj/tos-alisg-p-0037/o4AEnFSe6JFsDPocrfSCzzErAoEUDcjQQLfUIG?x-expires=1713704400&x-signature=R7F6eb3YwTl0Kf8R9q1eJiKDC%2B4%3D","https://v16-webapp-prime.us.tiktok.com/video/tos/alisg/tos-alisg-pve-0037/oovKTpXAAQAiFJwi11BIqyE5yICfunKdciDBSp/?a=1988&bti=NDU3ZjAwOg%3D%3D&ch=0&cr=3&dr=0&lr=unwatermarked&cd=0%7C0%7C0%7C&cv=1&br=2062&bt=1031&cs=0&ds=6&ft=4KJMyMzm8Zmo0Hctt-4jVF1ZdpWrKsd.&mime_type=video_mp4&qs=0&rc=NTllaWY2aTo6OWk6OTg2aUBpajs7ZG85cnFzcDMzODgzNEA2M2A0NTMvXmMxLy4wX2A0YSMuZjZlMmRrcjZgLS1kLzFzcw%3D%3D&btag=e00088000&expire=1713707853&l=20240419135716A65B5559AE818104ABA0&ply_type=2&policy=2&signature=c6075a9928e9518a68ea9a457e2b9273&tk=tt_chain_token",,,,,,,,,,,,,,,,,,,,,,,,,,,,,,,"576","Tết đến rồi, sao mà deadline vẫn dí? Thì đừng lo, việc gì khó có Lipo! #LIPOVITAN #Lipovitan #NuocTangLucLipovitan #ThuongHieuNhatBan #Tet2024","218","https://www.tiktok.com/@lipovitan.vn/video/7319369236659375368","50","15800000","2024-01-02T05:31:02.000Z","13600"
"https://p16-sign-sg.tiktokcdn.com/obj/tos-alisg-p-0037/oYrxaDh0AfCIhBGKf6oLIiB9ECnel5I7IAG1E2?x-expires=1713704400&x-signature=ziKvRy4oKAMvNNOhK5vDx4YWfes%3D","540p","https://v16-webapp-prime.us.tiktok.com/video/tos/alisg/tos-alisg-pve-0037/oYErioKA6Yo2Bhf7GDIBh9LhOIQC0AefI1EznI/?a=1988&bti=NDU3ZjAwOg%3D%3D&ch=0&cr=3&dr=0&lr=unwatermarked&cd=0%7C0%7C0%7C&cv=1&br=2040&bt=1020&cs=0&ds=6&ft=4KJMyMzm8Zmo0Hctt-4jVF1ZdpWrKsd.&mime_type=video_mp4&qs=0&rc=OzhmNDg1OTs0Zzc7ZTc5N0Bpamo7bnk5cm53bzMzODgzNEBeNDI0LS8yXjIxYjFiMjMtYSNzLnNxMmQ0NXFgLS1kLzFzcw%3D%3D&btag=e00090000&expire=1713707907&l=20240419135716A65B5559AE818104ABA0&ply_type=2&policy=2&signature=5fc05bb7721d50a2cd061132b06c5be6&tk=tt_chain_token","70","mp4","1024","https://p16-sign-sg.tiktokcdn.com/obj/tos-alisg-p-0037/oYrxaDh0AfCIhBGKf6oLIiB9ECnel5I7IAG1E2?x-expires=1713704400&x-signature=ziKvRy4oKAMvNNOhK5vDx4YWfes%3D","https://v16-webapp-prime.us.tiktok.com/video/tos/alisg/tos-alisg-pve-0037/oYErioKA6Yo2Bhf7GDIBh9LhOIQC0AefI1EznI/?a=1988&bti=NDU3ZjAwOg%3D%3D&ch=0&cr=3&dr=0&lr=unwatermarked&cd=0%7C0%7C0%7C&cv=1&br=2040&bt=1020&cs=0&ds=6&ft=4KJMyMzm8Zmo0Hctt-4jVF1ZdpWrKsd.&mime_type=video_mp4&qs=0&rc=OzhmNDg1OTs0Zzc7ZTc5N0Bpamo7bnk5cm53bzMzODgzNEBeNDI0LS8yXjIxYjFiMjMtYSNzLnNxMmQ0NXFgLS1kLzFzcw%3D%3D&btag=e00090000&expire=1713707907&l=20240419135716A65B5559AE818104ABA0&ply_type=2&policy=2&signature=5fc05bb7721d50a2cd061132b06c5be6&tk=tt_chain_token","https://v16m-webapp.tiktokcdn-us.com/5b1bd4fd86d7f30e2abf6008f7cefb5d/66251b83/video/tos/alisg/tos-alisg-pv-0037/a20dce42a3d34e36ac29b62be2540a8e/?a=1988&bti=NDU3ZjAwOg%3D%3D&ch=0&cr=3&dr=0&lr=unwatermarked&cd=0%7C0%7C0%7C&cv=1&br=32870&bt=16435&cs=0&ds=4&ft=4KLMeMzm8Zmo0Hctt-4jVF1ZdpWrKsd.&mime_type=video_mp4&qs=13&rc=amo7bnk5cm53bzMzODgzNEBpamo7bnk5cm53bzMzODgzNEBzLnNxMmQ0NXFgLS1kLzFzYSNzLnNxMmQ0NXFgLS1kLzFzcw%3D%3D&l=20240419135716A65B5559AE818104ABA0&btag=e00050000","kor-KR","https://v16m-webapp.tiktokcdn-us.com/5b1bd4fd86d7f30e2abf6008f7cefb5d/66251b83/video/tos/alisg/tos-alisg-pv-0037/a20dce42a3d34e36ac29b62be2540a8e/?a=1988&bti=NDU3ZjAwOg%3D%3D&ch=0&cr=3&dr=0&lr=unwatermarked&cd=0%7C0%7C0%7C&cv=1&br=32870&bt=16435&cs=0&ds=4&ft=4KLMeMzm8Zmo0Hctt-4jVF1ZdpWrKsd.&mime_type=video_mp4&qs=13&rc=amo7bnk5cm53bzMzODgzNEBpamo7bnk5cm53bzMzODgzNEBzLnNxMmQ0NXFgLS1kLzFzYSNzLnNxMmQ0NXFgLS1kLzFzcw%3D%3D&l=20240419135716A65B5559AE818104ABA0&btag=e00050000","https://v16m-webapp.tiktokcdn-us.com/8732ff96a6c8606c95e40b9505e8269f/66251b83/video/tos/alisg/tos-alisg-pv-0037/cde2353f87dd4d35ad33bcee927dbcc1/?a=1988&bti=NDU3ZjAwOg%3D%3D&ch=0&cr=3&dr=0&lr=unwatermarked&cd=0%7C0%7C0%7C&cv=1&br=32870&bt=16435&cs=0&ds=4&ft=4KLMeMzm8Zmo0Hctt-4jVF1ZdpWrKsd.&mime_type=video_mp4&qs=13&rc=amo7bnk5cm53bzMzODgzNEBpamo7bnk5cm53bzMzODgzNEBzLnNxMmQ0NXFgLS1kLzFzYSNzLnNxMmQ0NXFgLS1kLzFzcw%3D%3D&l=20240419135716A65B5559AE818104ABA0&btag=e00050000","ind-ID","https://v16m-webapp.tiktokcdn-us.com/8732ff96a6c8606c95e40b9505e8269f/66251b83/video/tos/alisg/tos-alisg-pv-0037/cde2353f87dd4d35ad33bcee927dbcc1/?a=1988&bti=NDU3ZjAwOg%3D%3D&ch=0&cr=3&dr=0&lr=unwatermarked&cd=0%7C0%7C0%7C&cv=1&br=32870&bt=16435&cs=0&ds=4&ft=4KLMeMzm8Zmo0Hctt-4jVF1ZdpWrKsd.&mime_type=video_mp4&qs=13&rc=amo7bnk5cm53bzMzODgzNEBpamo7bnk5cm53bzMzODgzNEBzLnNxMmQ0NXFgLS1kLzFzYSNzLnNxMmQ0NXFgLS1kLzFzcw%3D%3D&l=20240419135716A65B5559AE818104ABA0&btag=e00050000","https://v16m-webapp.tiktokcdn-us.com/947acec74f2a3e348033fc7e78e1d4c6/66251b83/video/tos/alisg/tos-alisg-pv-0037/b158126aef6a43849fde09d32a2e30c5/?a=1988&bti=NDU3ZjAwOg%3D%3D&ch=0&cr=3&dr=0&lr=unwatermarked&cd=0%7C0%7C0%7C&cv=1&br=32870&bt=16435&cs=0&ds=4&ft=4KLMeMzm8Zmo0Hctt-4jVF1ZdpWrKsd.&mime_type=video_mp4&qs=13&rc=amo7bnk5cm53bzMzODgzNEBpamo7bnk5cm53bzMzODgzNEBzLnNxMmQ0NXFgLS1kLzFzYSNzLnNxMmQ0NXFgLS1kLzFzcw%3D%3D&l=20240419135716A65B5559AE818104ABA0&btag=e00050000","vie-VN","https://v16m-webapp.tiktokcdn-us.com/947acec74f2a3e348033fc7e78e1d4c6/66251b83/video/tos/alisg/tos-alisg-pv-0037/b158126aef6a43849fde09d32a2e30c5/?a=1988&bti=NDU3ZjAwOg%3D%3D&ch=0&cr=3&dr=0&lr=unwatermarked&cd=0%7C0%7C0%7C&cv=1&br=32870&bt=16435&cs=0&ds=4&ft=4KLMeMzm8Zmo0Hctt-4jVF1ZdpWrKsd.&mime_type=video_mp4&qs=13&rc=amo7bnk5cm53bzMzODgzNEBpamo7bnk5cm53bzMzODgzNEBzLnNxMmQ0NXFgLS1kLzFzYSNzLnNxMmQ0NXFgLS1kLzFzcw%3D%3D&l=20240419135716A65B5559AE818104ABA0&btag=e00050000","https://v16m-webapp.tiktokcdn-us.com/896a8b68c9dc02c62cbdd82397cad4fe/66251b83/video/tos/alisg/tos-alisg-pv-0037/4503bb550f3a4f849ce9924b5c547042/?a=1988&bti=NDU3ZjAwOg%3D%3D&ch=0&cr=3&dr=0&lr=unwatermarked&cd=0%7C0%7C0%7C&cv=1&br=32870&bt=16435&cs=0&ds=4&ft=4KLMeMzm8Zmo0Hctt-4jVF1ZdpWrKsd.&mime_type=video_mp4&qs=13&rc=amo7bnk5cm53bzMzODgzNEBpamo7bnk5cm53bzMzODgzNEBzLnNxMmQ0NXFgLS1kLzFzYSNzLnNxMmQ0NXFgLS1kLzFzcw%3D%3D&l=20240419135716A65B5559AE818104ABA0&btag=e00050000","por-PT","https://v16m-webapp.tiktokcdn-us.com/896a8b68c9dc02c62cbdd82397cad4fe/66251b83/video/tos/alisg/tos-alisg-pv-0037/4503bb550f3a4f849ce9924b5c547042/?a=1988&bti=NDU3ZjAwOg%3D%3D&ch=0&cr=3&dr=0&lr=unwatermarked&cd=0%7C0%7C0%7C&cv=1&br=32870&bt=16435&cs=0&ds=4&ft=4KLMeMzm8Zmo0Hctt-4jVF1ZdpWrKsd.&mime_type=video_mp4&qs=13&rc=amo7bnk5cm53bzMzODgzNEBpamo7bnk5cm53bzMzODgzNEBzLnNxMmQ0NXFgLS1kLzFzYSNzLnNxMmQ0NXFgLS1kLzFzcw%3D%3D&l=20240419135716A65B5559AE818104ABA0&btag=e00050000","https://v16m-webapp.tiktokcdn-us.com/92e2896e5bcfe25389f3de1eaeb4e6f9/66251b83/video/tos/alisg/tos-alisg-pv-0037/89bed3e82d7a4429907b887b7a0a4ea9/?a=1988&bti=NDU3ZjAwOg%3D%3D&ch=0&cr=3&dr=0&lr=unwatermarked&cd=0%7C0%7C0%7C&cv=1&br=32870&bt=16435&cs=0&ds=4&ft=4KLMeMzm8Zmo0Hctt-4jVF1ZdpWrKsd.&mime_type=video_mp4&qs=13&rc=amo7bnk5cm53bzMzODgzNEBpamo7bnk5cm53bzMzODgzNEBzLnNxMmQ0NXFgLS1kLzFzYSNzLnNxMmQ0NXFgLS1kLzFzcw%3D%3D&l=20240419135716A65B5559AE818104ABA0&btag=e00050000","eng-US","https://v16m-webapp.tiktokcdn-us.com/92e2896e5bcfe25389f3de1eaeb4e6f9/66251b83/video/tos/alisg/tos-alisg-pv-0037/89bed3e82d7a4429907b887b7a0a4ea9/?a=1988&bti=NDU3ZjAwOg%3D%3D&ch=0&cr=3&dr=0&lr=unwatermarked&cd=0%7C0%7C0%7C&cv=1&br=32870&bt=16435&cs=0&ds=4&ft=4KLMeMzm8Zmo0Hctt-4jVF1ZdpWrKsd.&mime_type=video_mp4&qs=13&rc=amo7bnk5cm53bzMzODgzNEBpamo7bnk5cm53bzMzODgzNEBzLnNxMmQ0NXFgLS1kLzFzYSNzLnNxMmQ0NXFgLS1kLzFzcw%3D%3D&l=20240419135716A65B5559AE818104ABA0&btag=e00050000","https://v16m-webapp.tiktokcdn-us.com/3ca330ae753bc3432187741127595e6a/66251b83/video/tos/alisg/tos-alisg-pv-0037/3735dffdbd27426686b9f3ce80af41e4/?a=1988&bti=NDU3ZjAwOg%3D%3D&ch=0&cr=3&dr=0&lr=unwatermarked&cd=0%7C0%7C0%7C&cv=1&br=32870&bt=16435&cs=0&ds=4&ft=4KLMeMzm8Zmo0Hctt-4jVF1ZdpWrKsd.&mime_type=video_mp4&qs=13&rc=amo7bnk5cm53bzMzODgzNEBpamo7bnk5cm53bzMzODgzNEBzLnNxMmQ0NXFgLS1kLzFzYSNzLnNxMmQ0NXFgLS1kLzFzcw%3D%3D&l=20240419135716A65B5559AE818104ABA0&btag=e00050000","rus-RU","https://v16m-webapp.tiktokcdn-us.com/3ca330ae753bc3432187741127595e6a/66251b83/video/tos/alisg/tos-alisg-pv-0037/3735dffdbd27426686b9f3ce80af41e4/?a=1988&bti=NDU3ZjAwOg%3D%3D&ch=0&cr=3&dr=0&lr=unwatermarked&cd=0%7C0%7C0%7C&cv=1&br=32870&bt=16435&cs=0&ds=4&ft=4KLMeMzm8Zmo0Hctt-4jVF1ZdpWrKsd.&mime_type=video_mp4&qs=13&rc=amo7bnk5cm53bzMzODgzNEBpamo7bnk5cm53bzMzODgzNEBzLnNxMmQ0NXFgLS1kLzFzYSNzLnNxMmQ0NXFgLS1kLzFzcw%3D%3D&l=20240419135716A65B5559AE818104ABA0&btag=e00050000","https://v16m-webapp.tiktokcdn-us.com/693ab8256460e1054f94a85e8648d6bf/66251b83/video/tos/alisg/tos-alisg-pv-0037/5f49ae46799c458bb8fa97b27aa5c847/?a=1988&bti=NDU3ZjAwOg%3D%3D&ch=0&cr=3&dr=0&lr=unwatermarked&cd=0%7C0%7C0%7C&cv=1&br=32870&bt=16435&cs=0&ds=4&ft=4KLMeMzm8Zmo0Hctt-4jVF1ZdpWrKsd.&mime_type=video_mp4&qs=13&rc=amo7bnk5cm53bzMzODgzNEBpamo7bnk5cm53bzMzODgzNEBzLnNxMmQ0NXFgLS1kLzFzYSNzLnNxMmQ0NXFgLS1kLzFzcw%3D%3D&l=20240419135716A65B5559AE818104ABA0&btag=e00050000","fra-FR","https://v16m-webapp.tiktokcdn-us.com/693ab8256460e1054f94a85e8648d6bf/66251b83/video/tos/alisg/tos-alisg-pv-0037/5f49ae46799c458bb8fa97b27aa5c847/?a=1988&bti=NDU3ZjAwOg%3D%3D&ch=0&cr=3&dr=0&lr=unwatermarked&cd=0%7C0%7C0%7C&cv=1&br=32870&bt=16435&cs=0&ds=4&ft=4KLMeMzm8Zmo0Hctt-4jVF1ZdpWrKsd.&mime_type=video_mp4&qs=13&rc=amo7bnk5cm53bzMzODgzNEBpamo7bnk5cm53bzMzODgzNEBzLnNxMmQ0NXFgLS1kLzFzYSNzLnNxMmQ0NXFgLS1kLzFzcw%3D%3D&l=20240419135716A65B5559AE818104ABA0&btag=e00050000","https://v16m-webapp.tiktokcdn-us.com/14eb79d9d3f104622c0c22205a951252/66251b83/video/tos/alisg/tos-alisg-pv-0037/cd08d35f58dd4be9bfd6f0265a93edf1/?a=1988&bti=NDU3ZjAwOg%3D%3D&ch=0&cr=3&dr=0&lr=unwatermarked&cd=0%7C0%7C0%7C&cv=1&br=32870&bt=16435&cs=0&ds=4&ft=4KLMeMzm8Zmo0Hctt-4jVF1ZdpWrKsd.&mime_type=video_mp4&qs=13&rc=amo7bnk5cm53bzMzODgzNEBpamo7bnk5cm53bzMzODgzNEBzLnNxMmQ0NXFgLS1kLzFzYSNzLnNxMmQ0NXFgLS1kLzFzcw%3D%3D&l=20240419135716A65B5559AE818104ABA0&btag=e00050000","cmn-Hans-CN","https://v16m-webapp.tiktokcdn-us.com/14eb79d9d3f104622c0c22205a951252/66251b83/video/tos/alisg/tos-alisg-pv-0037/cd08d35f58dd4be9bfd6f0265a93edf1/?a=1988&bti=NDU3ZjAwOg%3D%3D&ch=0&cr=3&dr=0&lr=unwatermarked&cd=0%7C0%7C0%7C&cv=1&br=32870&bt=16435&cs=0&ds=4&ft=4KLMeMzm8Zmo0Hctt-4jVF1ZdpWrKsd.&mime_type=video_mp4&qs=13&rc=amo7bnk5cm53bzMzODgzNEBpamo7bnk5cm53bzMzODgzNEBzLnNxMmQ0NXFgLS1kLzFzYSNzLnNxMmQ0NXFgLS1kLzFzcw%3D%3D&l=20240419135716A65B5559AE818104ABA0&btag=e00050000","https://v16m-webapp.tiktokcdn-us.com/4192e00a108944dcdaa137a8953aba28/66251b83/video/tos/alisg/tos-alisg-pv-0037/2d6c92ce33b545f2a184ec9837ab8bd9/?a=1988&bti=NDU3ZjAwOg%3D%3D&ch=0&cr=3&dr=0&lr=unwatermarked&cd=0%7C0%7C0%7C&cv=1&br=32870&bt=16435&cs=0&ds=4&ft=4KLMeMzm8Zmo0Hctt-4jVF1ZdpWrKsd.&mime_type=video_mp4&qs=13&rc=amo7bnk5cm53bzMzODgzNEBpamo7bnk5cm53bzMzODgzNEBzLnNxMmQ0NXFgLS1kLzFzYSNzLnNxMmQ0NXFgLS1kLzFzcw%3D%3D&l=20240419135716A65B5559AE818104ABA0&btag=e00050000","jpn-JP","https://v16m-webapp.tiktokcdn-us.com/4192e00a108944dcdaa137a8953aba28/66251b83/video/tos/alisg/tos-alisg-pv-0037/2d6c92ce33b545f2a184ec9837ab8bd9/?a=1988&bti=NDU3ZjAwOg%3D%3D&ch=0&cr=3&dr=0&lr=unwatermarked&cd=0%7C0%7C0%7C&cv=1&br=32870&bt=16435&cs=0&ds=4&ft=4KLMeMzm8Zmo0Hctt-4jVF1ZdpWrKsd.&mime_type=video_mp4&qs=13&rc=amo7bnk5cm53bzMzODgzNEBpamo7bnk5cm53bzMzODgzNEBzLnNxMmQ0NXFgLS1kLzFzYSNzLnNxMmQ0NXFgLS1kLzFzcw%3D%3D&l=20240419135716A65B5559AE818104ABA0&btag=e00050000","https://v16m-webapp.tiktokcdn-us.com/81a4bb2e9e966f953e1ff1fcccf736d2/66251b83/video/tos/alisg/tos-alisg-pv-0037/50e058e9871f495585a288cab4adf6fc/?a=1988&bti=NDU3ZjAwOg%3D%3D&ch=0&cr=3&dr=0&lr=unwatermarked&cd=0%7C0%7C0%7C&cv=1&br=32870&bt=16435&cs=0&ds=4&ft=4KLMeMzm8Zmo0Hctt-4jVF1ZdpWrKsd.&mime_type=video_mp4&qs=13&rc=amo7bnk5cm53bzMzODgzNEBpamo7bnk5cm53bzMzODgzNEBzLnNxMmQ0NXFgLS1kLzFzYSNzLnNxMmQ0NXFgLS1kLzFzcw%3D%3D&l=20240419135716A65B5559AE818104ABA0&btag=e00050000","deu-DE","https://v16m-webapp.tiktokcdn-us.com/81a4bb2e9e966f953e1ff1fcccf736d2/66251b83/video/tos/alisg/tos-alisg-pv-0037/50e058e9871f495585a288cab4adf6fc/?a=1988&bti=NDU3ZjAwOg%3D%3D&ch=0&cr=3&dr=0&lr=unwatermarked&cd=0%7C0%7C0%7C&cv=1&br=32870&bt=16435&cs=0&ds=4&ft=4KLMeMzm8Zmo0Hctt-4jVF1ZdpWrKsd.&mime_type=video_mp4&qs=13&rc=amo7bnk5cm53bzMzODgzNEBpamo7bnk5cm53bzMzODgzNEBzLnNxMmQ0NXFgLS1kLzFzYSNzLnNxMmQ0NXFgLS1kLzFzcw%3D%3D&l=20240419135716A65B5559AE818104ABA0&btag=e00050000","576","Lipovitan – Năng lượng đồng hành, Tết rồng phúc quý #LIPOVITAN #Lipovitan #NuocTangLucLipovitan #ThuongHieuNhatBan #Tet2024","203","https://www.tiktok.com/@lipovitan.vn/video/7312671942253890834","116","16100000","2023-12-15T04:22:04.000Z","12700"
"https://p16-sign-sg.tiktokcdn.com/obj/tos-alisg-p-0037/5de72a8149d5478fb617257c38cb5858_1702614062?x-expires=1713704400&x-signature=GOWA%2BetqTE%2BS6N%2Beq1lYEdNHL78%3D","540p","https://v16-webapp-prime.us.tiktok.com/video/tos/alisg/tos-alisg-pve-0037/owNeDf9pEEloIGqM7gKAFCJ3Qgr9AlTYzDeRP1/?a=1988&bti=NDU3ZjAwOg%3D%3D&ch=0&cr=3&dr=0&lr=unwatermarked&cd=0%7C0%7C0%7C&cv=1&br=2038&bt=1019&cs=0&ds=6&ft=4KJMyMzm8Zmo0Hctt-4jVF1ZdpWrKsd.&mime_type=video_mp4&qs=0&rc=N2Y7OmdkOmRoOmkzOmY7Z0BpMzl4c3g5cnR3bzMzODgzNEA0XjZhLTMzXzAxXy5iY142YSMzZzFyMmRjM3FgLS1kLzFzcw%3D%3D&btag=e00090000&expire=1713707907&l=20240419135716A65B5559AE818104ABA0&ply_type=2&policy=2&signature=57be18e2bebb3f235325cde1313f3b27&tk=tt_chain_token","70","mp4","1024","https://p16-sign-sg.tiktokcdn.com/obj/tos-alisg-p-0037/5de72a8149d5478fb617257c38cb5858_1702614062?x-expires=1713704400&x-signature=GOWA%2BetqTE%2BS6N%2Beq1lYEdNHL78%3D","https://v16-webapp-prime.us.tiktok.com/video/tos/alisg/tos-alisg-pve-0037/owNeDf9pEEloIGqM7gKAFCJ3Qgr9AlTYzDeRP1/?a=1988&bti=NDU3ZjAwOg%3D%3D&ch=0&cr=3&dr=0&lr=unwatermarked&cd=0%7C0%7C0%7C&cv=1&br=2038&bt=1019&cs=0&ds=6&ft=4KJMyMzm8Zmo0Hctt-4jVF1ZdpWrKsd.&mime_type=video_mp4&qs=0&rc=N2Y7OmdkOmRoOmkzOmY7Z0BpMzl4c3g5cnR3bzMzODgzNEA0XjZhLTMzXzAxXy5iY142YSMzZzFyMmRjM3FgLS1kLzFzcw%3D%3D&btag=e00090000&expire=1713707907&l=20240419135716A65B5559AE818104ABA0&ply_type=2&policy=2&signature=57be18e2bebb3f235325cde1313f3b27&tk=tt_chain_token","https://v16m-webapp.tiktokcdn-us.com/f801cbde3998d8198a30eb42a70c364a/66251b83/video/tos/alisg/tos-alisg-pv-0037/7da2b6d27b9847fc87b4b9323b54f90b/?a=1988&bti=NDU3ZjAwOg%3D%3D&ch=0&cr=3&dr=0&lr=unwatermarked&cd=0%7C0%7C0%7C&cv=1&br=32870&bt=16435&cs=0&ds=4&ft=4KLMeMzm8Zmo0Hctt-4jVF1ZdpWrKsd.&mime_type=video_mp4&qs=13&rc=Mzl4c3g5cnR3bzMzODgzNEBpMzl4c3g5cnR3bzMzODgzNEAzZzFyMmRjM3FgLS1kLzFzYSMzZzFyMmRjM3FgLS1kLzFzcw%3D%3D&l=20240419135716A65B5559AE818104ABA0&btag=e00050000","eng-US","https://v16m-webapp.tiktokcdn-us.com/f801cbde3998d8198a30eb42a70c364a/66251b83/video/tos/alisg/tos-alisg-pv-0037/7da2b6d27b9847fc87b4b9323b54f90b/?a=1988&bti=NDU3ZjAwOg%3D%3D&ch=0&cr=3&dr=0&lr=unwatermarked&cd=0%7C0%7C0%7C&cv=1&br=32870&bt=16435&cs=0&ds=4&ft=4KLMeMzm8Zmo0Hctt-4jVF1ZdpWrKsd.&mime_type=video_mp4&qs=13&rc=Mzl4c3g5cnR3bzMzODgzNEBpMzl4c3g5cnR3bzMzODgzNEAzZzFyMmRjM3FgLS1kLzFzYSMzZzFyMmRjM3FgLS1kLzFzcw%3D%3D&l=20240419135716A65B5559AE818104ABA0&btag=e00050000","https://v16m-webapp.tiktokcdn-us.com/d9244a9a5e4a60c0fa209d366ae246a9/66251b83/video/tos/alisg/tos-alisg-pv-0037/46c232c450c141a7879a9a90fe59b650/?a=1988&bti=NDU3ZjAwOg%3D%3D&ch=0&cr=3&dr=0&lr=unwatermarked&cd=0%7C0%7C0%7C&cv=1&br=32870&bt=16435&cs=0&ds=4&ft=4KLMeMzm8Zmo0Hctt-4jVF1ZdpWrKsd.&mime_type=video_mp4&qs=13&rc=Mzl4c3g5cnR3bzMzODgzNEBpMzl4c3g5cnR3bzMzODgzNEAzZzFyMmRjM3FgLS1kLzFzYSMzZzFyMmRjM3FgLS1kLzFzcw%3D%3D&l=20240419135716A65B5559AE818104ABA0&btag=e00050000","eng-US","https://v16m-webapp.tiktokcdn-us.com/d9244a9a5e4a60c0fa209d366ae246a9/66251b83/video/tos/alisg/tos-alisg-pv-0037/46c232c450c141a7879a9a90fe59b650/?a=1988&bti=NDU3ZjAwOg%3D%3D&ch=0&cr=3&dr=0&lr=unwatermarked&cd=0%7C0%7C0%7C&cv=1&br=32870&bt=16435&cs=0&ds=4&ft=4KLMeMzm8Zmo0Hctt-4jVF1ZdpWrKsd.&mime_type=video_mp4&qs=13&rc=Mzl4c3g5cnR3bzMzODgzNEBpMzl4c3g5cnR3bzMzODgzNEAzZzFyMmRjM3FgLS1kLzFzYSMzZzFyMmRjM3FgLS1kLzFzcw%3D%3D&l=20240419135716A65B5559AE818104ABA0&btag=e00050000",,,,,,,,,,,,,,,,,,,,,,,,,"576","Lipovitan – Năng lượng đồng hành, Tết rồng phúc quý  #LIPOVITAN #Lipovitan #NuocTangLucLipovitan #ThuongHieuNhatBan #Tet2024","2","https://www.tiktok.com/@lipovitan.vn/video/7312671645771025672","1","1493","2023-12-15T04:20:53.000Z","12"
"https://p16-sign-sg.tiktokcdn.com/obj/tos-alisg-p-0037/ocovPgprsQE5EfyDHKPAjuPe4o2FACgjIgk8f1?x-expires=1713704400&x-signature=1qSPJ8OEhlmHBx1JT7bz%2B175xfk%3D","720p","https://v16-webapp-prime.us.tiktok.com/video/tos/alisg/tos-alisg-pve-0037/owBYAf2HzeowCCngQlDnPmbQIm2Og3cZBU8U3V/?a=1988&bti=NDU3ZjAwOg%3D%3D&ch=0&cr=3&dr=0&lr=unwatermarked&cd=0%7C0%7C0%7C&cv=1&br=4394&bt=2197&cs=0&ds=3&ft=4KJMyMzm8Zmo0Actt-4jVEJsdpWrKsd.&mime_type=video_mp4&qs=0&rc=ZjUzOTY4ZzdnODU6OTs6ZkBpM3VzbTo6Zm86bjMzODgzNEBeLWBfMC0tNWAxMl8tLTQyYSMxazJkcjQwb2NgLS1kLzFzcw%3D%3D&btag=e00090000&expire=1713707928&l=20240419135717E4DB71771219B2049631&ply_type=2&policy=2&signature=7276b5d8efd487a480f2f8fa7292f1e4&tk=tt_chain_token","90","mp4","1280","https://p16-sign-sg.tiktokcdn.com/obj/tos-alisg-p-0037/ocovPgprsQE5EfyDHKPAjuPe4o2FACgjIgk8f1?x-expires=1713704400&x-signature=1qSPJ8OEhlmHBx1JT7bz%2B175xfk%3D","https://v16-webapp-prime.us.tiktok.com/video/tos/alisg/tos-alisg-pve-0037/owBYAf2HzeowCCngQlDnPmbQIm2Og3cZBU8U3V/?a=1988&bti=NDU3ZjAwOg%3D%3D&ch=0&cr=3&dr=0&lr=unwatermarked&cd=0%7C0%7C0%7C&cv=1&br=4394&bt=2197&cs=0&ds=3&ft=4KJMyMzm8Zmo0Actt-4jVEJsdpWrKsd.&mime_type=video_mp4&qs=0&rc=ZjUzOTY4ZzdnODU6OTs6ZkBpM3VzbTo6Zm86bjMzODgzNEBeLWBfMC0tNWAxMl8tLTQyYSMxazJkcjQwb2NgLS1kLzFzcw%3D%3D&btag=e00090000&expire=1713707928&l=20240419135717E4DB71771219B2049631&ply_type=2&policy=2&signature=7276b5d8efd487a480f2f8fa7292f1e4&tk=tt_chain_token","https://v16m-webapp.tiktokcdn-us.com/cdb667ace2c9bcbeb01a79a7622ebde3/66251b98/video/tos/alisg/tos-alisg-pv-0037/8fd2d064bd7b4ee9a618ea4ad238ddc4/?a=1988&bti=NDU3ZjAwOg%3D%3D&ch=0&cr=3&dr=0&lr=unwatermarked&cd=0%7C0%7C0%7C&cv=1&br=4394&bt=2197&cs=0&ds=3&ft=4KLMeMzm8Zmo0Actt-4jVEJsdpWrKsd.&mime_type=video_mp4&qs=13&rc=M3VzbTo6Zm86bjMzODgzNEBpM3VzbTo6Zm86bjMzODgzNEAxazJkcjQwb2NgLS1kLzFzYSMxazJkcjQwb2NgLS1kLzFzcw%3D%3D&l=20240419135717E4DB71771219B2049631&btag=e00050000","vie-VN","https://v16m-webapp.tiktokcdn-us.com/cdb667ace2c9bcbeb01a79a7622ebde3/66251b98/video/tos/alisg/tos-alisg-pv-0037/8fd2d064bd7b4ee9a618ea4ad238ddc4/?a=1988&bti=NDU3ZjAwOg%3D%3D&ch=0&cr=3&dr=0&lr=unwatermarked&cd=0%7C0%7C0%7C&cv=1&br=4394&bt=2197&cs=0&ds=3&ft=4KLMeMzm8Zmo0Actt-4jVEJsdpWrKsd.&mime_type=video_mp4&qs=13&rc=M3VzbTo6Zm86bjMzODgzNEBpM3VzbTo6Zm86bjMzODgzNEAxazJkcjQwb2NgLS1kLzFzYSMxazJkcjQwb2NgLS1kLzFzcw%3D%3D&l=20240419135717E4DB71771219B2049631&btag=e00050000","https://v16m-webapp.tiktokcdn-us.com/d74dcd24b5158b830b6de059e33e146d/66251b98/video/tos/alisg/tos-alisg-pv-0037/b3be7acefb8b46c6ba5091ef0352c498/?a=1988&bti=NDU3ZjAwOg%3D%3D&ch=0&cr=3&dr=0&lr=unwatermarked&cd=0%7C0%7C0%7C&cv=1&br=4394&bt=2197&cs=0&ds=3&ft=4KLMeMzm8Zmo0Actt-4jVEJsdpWrKsd.&mime_type=video_mp4&qs=13&rc=M3VzbTo6Zm86bjMzODgzNEBpM3VzbTo6Zm86bjMzODgzNEAxazJkcjQwb2NgLS1kLzFzYSMxazJkcjQwb2NgLS1kLzFzcw%3D%3D&l=20240419135717E4DB71771219B2049631&btag=e00050000","vie-VN","https://v16m-webapp.tiktokcdn-us.com/d74dcd24b5158b830b6de059e33e146d/66251b98/video/tos/alisg/tos-alisg-pv-0037/b3be7acefb8b46c6ba5091ef0352c498/?a=1988&bti=NDU3ZjAwOg%3D%3D&ch=0&cr=3&dr=0&lr=unwatermarked&cd=0%7C0%7C0%7C&cv=1&br=4394&bt=2197&cs=0&ds=3&ft=4KLMeMzm8Zmo0Actt-4jVEJsdpWrKsd.&mime_type=video_mp4&qs=13&rc=M3VzbTo6Zm86bjMzODgzNEBpM3VzbTo6Zm86bjMzODgzNEAxazJkcjQwb2NgLS1kLzFzYSMxazJkcjQwb2NgLS1kLzFzcw%3D%3D&l=20240419135717E4DB71771219B2049631&btag=e00050000",,,,,,,,,,,,,,,,,,,,,,,,,"720","Cùng Xuân Phát Phạm và Lipovitan với hành trình ""Năng Lượng Cho Cuộc Sống""#lipovitan #nuoctangluc #nuoctangluclipovitan #nangluongchocuocsong","2","https://www.tiktok.com/@lipovitan.vn/video/7286400441393433864","1","1236","2023-10-05T09:15:22.000Z","9"
"https://p16-sign-sg.tiktokcdn.com/obj/tos-alisg-p-0037/d6243c385e5f4c9ba5d81ef145b4c388_1696497322?x-expires=1713704400&x-signature=WLJflfCT%2FvLFcWHDMGjLDPqnA4E%3D","540p","https://v16-webapp-prime.us.tiktok.com/video/tos/alisg/tos-alisg-pve-0037/oIA9BCYlUD7A8VBR2E5bB8fHhnLpkngs6eJltg/?a=1988&bti=NDU3ZjAwOg%3D%3D&ch=0&cr=3&dr=0&lr=unwatermarked&cd=0%7C0%7C0%7C&cv=1&br=1542&bt=771&cs=0&ds=6&ft=4KJMyMzm8Zmo0Actt-4jVEJsdpWrKsd.&mime_type=video_mp4&qs=0&rc=ZDg3ZDxoNGQ0OTU1ZTY1PEBpang4bGU6Zmg6bjMzODgzNEAxMzU2NTNiXzYxYS42Ly01YSNkMW8xcjRvb2NgLS1kLzFzcw%3D%3D&btag=e00090000&expire=1713707999&l=20240419135717E4DB71771219B2049631&ply_type=2&policy=2&signature=b9f35f49870665011b41c1c2758414c1&tk=tt_chain_token","161","mp4","1024","https://p16-sign-sg.tiktokcdn.com/obj/tos-alisg-p-0037/d6243c385e5f4c9ba5d81ef145b4c388_1696497322?x-expires=1713704400&x-signature=WLJflfCT%2FvLFcWHDMGjLDPqnA4E%3D","https://v16-webapp-prime.us.tiktok.com/video/tos/alisg/tos-alisg-pve-0037/oIA9BCYlUD7A8VBR2E5bB8fHhnLpkngs6eJltg/?a=1988&bti=NDU3ZjAwOg%3D%3D&ch=0&cr=3&dr=0&lr=unwatermarked&cd=0%7C0%7C0%7C&cv=1&br=1542&bt=771&cs=0&ds=6&ft=4KJMyMzm8Zmo0Actt-4jVEJsdpWrKsd.&mime_type=video_mp4&qs=0&rc=ZDg3ZDxoNGQ0OTU1ZTY1PEBpang4bGU6Zmg6bjMzODgzNEAxMzU2NTNiXzYxYS42Ly01YSNkMW8xcjRvb2NgLS1kLzFzcw%3D%3D&btag=e00090000&expire=1713707999&l=20240419135717E4DB71771219B2049631&ply_type=2&policy=2&signature=b9f35f49870665011b41c1c2758414c1&tk=tt_chain_token",,,,,,,,,,,,,,,,,,,,,,,,,,,,,,,"576","Cùng Thế Bằng và Lipovitan với hành trình ""Năng Lượng Cho Cuộc Sống""#lipovitan #nuoctangluc #nuoctangluclipovitan #nangluongchocuocsong","1","https://www.tiktok.com/@lipovitan.vn/video/7286400294357847304","1","875","2023-10-05T09:15:06.000Z","9"
"https://p16-sign-sg.tiktokcdn.com/obj/tos-alisg-p-0037/oE1BP1l7CfVkD8TCenAoSIQn8g0UHpgB45b0Yd?x-expires=1713704400&x-signature=7XyKtlP25XWqBuBwdRy7s%2Fw0rcI%3D","720p","https://v16-webapp-prime.us.tiktok.com/video/tos/alisg/tos-alisg-pve-0037/oQ7g8Ag2nUgmPDIlgHebBBggkfgW14QTVgndC8/?a=1988&bti=NDU3ZjAwOg%3D%3D&ch=0&cr=3&dr=0&lr=unwatermarked&cd=0%7C0%7C0%7C&cv=1&br=3192&bt=1596&cs=0&ds=3&ft=4KJMyMzm8Zmo0Actt-4jVEJsdpWrKsd.&mime_type=video_mp4&qs=0&rc=NTs1NDY4Z2doNjNlMzM4NkBpM2x5eWg6Znk6bjMzODgzNEBiXmEzNTA2NWIxNjYyLy0uYSNiLWBocjQwbmNgLS1kLzFzcw%3D%3D&btag=e00090000&expire=1713707920&l=20240419135717E4DB71771219B2049631&ply_type=2&policy=2&signature=c6d1944dc5bc2c64112d14c192f7d5aa&tk=tt_chain_token","83","mp4","1280","https://p16-sign-sg.tiktokcdn.com/obj/tos-alisg-p-0037/oE1BP1l7CfVkD8TCenAoSIQn8g0UHpgB45b0Yd?x-expires=1713704400&x-signature=7XyKtlP25XWqBuBwdRy7s%2Fw0rcI%3D","https://v16-webapp-prime.us.tiktok.com/video/tos/alisg/tos-alisg-pve-0037/oQ7g8Ag2nUgmPDIlgHebBBggkfgW14QTVgndC8/?a=1988&bti=NDU3ZjAwOg%3D%3D&ch=0&cr=3&dr=0&lr=unwatermarked&cd=0%7C0%7C0%7C&cv=1&br=3192&bt=1596&cs=0&ds=3&ft=4KJMyMzm8Zmo0Actt-4jVEJsdpWrKsd.&mime_type=video_mp4&qs=0&rc=NTs1NDY4Z2doNjNlMzM4NkBpM2x5eWg6Znk6bjMzODgzNEBiXmEzNTA2NWIxNjYyLy0uYSNiLWBocjQwbmNgLS1kLzFzcw%3D%3D&btag=e00090000&expire=1713707920&l=20240419135717E4DB71771219B2049631&ply_type=2&policy=2&signature=c6d1944dc5bc2c64112d14c192f7d5aa&tk=tt_chain_token","https://v16m-webapp.tiktokcdn-us.com/1e34af4beae356bf6df461de9f8b838a/66251b90/video/tos/alisg/tos-alisg-pv-0037/e040f5dec4b14ca7bb6e7e8c9f57b3cd/?a=1988&bti=NDU3ZjAwOg%3D%3D&ch=0&cr=3&dr=0&lr=unwatermarked&cd=0%7C0%7C0%7C&cv=1&br=25092&bt=12546&ds=4&ft=4KLMeMzm8Zmo0Actt-4jVEJsdpWrKsd.&mime_type=video_mp4&qs=13&rc=M2x5eWg6Znk6bjMzODgzNEBpM2x5eWg6Znk6bjMzODgzNEBiLWBocjQwbmNgLS1kLzFzYSNiLWBocjQwbmNgLS1kLzFzcw%3D%3D&l=20240419135717E4DB71771219B2049631&btag=e00050000","vie-VN","https://v16m-webapp.tiktokcdn-us.com/1e34af4beae356bf6df461de9f8b838a/66251b90/video/tos/alisg/tos-alisg-pv-0037/e040f5dec4b14ca7bb6e7e8c9f57b3cd/?a=1988&bti=NDU3ZjAwOg%3D%3D&ch=0&cr=3&dr=0&lr=unwatermarked&cd=0%7C0%7C0%7C&cv=1&br=25092&bt=12546&ds=4&ft=4KLMeMzm8Zmo0Actt-4jVEJsdpWrKsd.&mime_type=video_mp4&qs=13&rc=M2x5eWg6Znk6bjMzODgzNEBpM2x5eWg6Znk6bjMzODgzNEBiLWBocjQwbmNgLS1kLzFzYSNiLWBocjQwbmNgLS1kLzFzcw%3D%3D&l=20240419135717E4DB71771219B2049631&btag=e00050000","https://v16m-webapp.tiktokcdn-us.com/def1293cfb0fd340e1b4a0618cb0819f/66251b90/video/tos/alisg/tos-alisg-pv-0037/ae5e53fe2dd44ea5bbba551c4da09ef3/?a=1988&bti=NDU3ZjAwOg%3D%3D&ch=0&cr=3&dr=0&lr=unwatermarked&cd=0%7C0%7C0%7C&cv=1&br=25092&bt=12546&ds=4&ft=4KLMeMzm8Zmo0Actt-4jVEJsdpWrKsd.&mime_type=video_mp4&qs=13&rc=M2x5eWg6Znk6bjMzODgzNEBpM2x5eWg6Znk6bjMzODgzNEBiLWBocjQwbmNgLS1kLzFzYSNiLWBocjQwbmNgLS1kLzFzcw%3D%3D&l=20240419135717E4DB71771219B2049631&btag=e00050000","vie-VN","https://v16m-webapp.tiktokcdn-us.com/def1293cfb0fd340e1b4a0618cb0819f/66251b90/video/tos/alisg/tos-alisg-pv-0037/ae5e53fe2dd44ea5bbba551c4da09ef3/?a=1988&bti=NDU3ZjAwOg%3D%3D&ch=0&cr=3&dr=0&lr=unwatermarked&cd=0%7C0%7C0%7C&cv=1&br=25092&bt=12546&ds=4&ft=4KLMeMzm8Zmo0Actt-4jVEJsdpWrKsd.&mime_type=video_mp4&qs=13&rc=M2x5eWg6Znk6bjMzODgzNEBpM2x5eWg6Znk6bjMzODgzNEBiLWBocjQwbmNgLS1kLzFzYSNiLWBocjQwbmNgLS1kLzFzcw%3D%3D&l=20240419135717E4DB71771219B2049631&btag=e00050000",,,,,,,,,,,,,,,,,,,,,,,,,"720","Cùng Thanh Trường và Lipovitan với hành trình ""Năng Lượng Cho Cuộc Sống""#lipovitan #nuoctangluc #nuoctangluclipovitan #nangluongchocuocsong","2","https://www.tiktok.com/@lipovitan.vn/video/7286400225474841863","1","866","2023-10-05T09:14:51.000Z","4"
"https://p16-sign-sg.tiktokcdn.com/obj/tos-alisg-p-0037/ab142ab74e1142ce8a7665d202273a2b_1696496864?x-expires=1713704400&x-signature=u0mR0kRS1KF9Nk9OKF5Bsmbzb7E%3D","540p","https://v16-webapp-prime.us.tiktok.com/video/tos/alisg/tos-alisg-pve-0037/oEt8k7AP2AgDslIYAPrKePC0fHDo4EfuGPmRc6/?a=1988&bti=NDU3ZjAwOg%3D%3D&ch=0&cr=3&dr=0&lr=unwatermarked&cd=0%7C0%7C0%7C&cv=1&br=1796&bt=898&cs=0&ds=6&ft=4KJMyMzm8Zmo0Actt-4jVEJsdpWrKsd.&mime_type=video_mp4&qs=0&rc=ZmQ3OzRpODg3OTloZmc1NkBpamhnZzo6ZmY6bjMzODgzNEAwNmIxXjAuNi8xLzZgMTMzYSNya3E1cjRnbWNgLS1kLzFzcw%3D%3D&btag=e00090000&expire=1713707926&l=20240419135717E4DB71771219B2049631&ply_type=2&policy=2&signature=f7462dce2f0d8042fc0f844950c072f9&tk=tt_chain_token","88","mp4","1024","https://p16-sign-sg.tiktokcdn.com/obj/tos-alisg-p-0037/ab142ab74e1142ce8a7665d202273a2b_1696496864?x-expires=1713704400&x-signature=u0mR0kRS1KF9Nk9OKF5Bsmbzb7E%3D","https://v16-webapp-prime.us.tiktok.com/video/tos/alisg/tos-alisg-pve-0037/oEt8k7AP2AgDslIYAPrKePC0fHDo4EfuGPmRc6/?a=1988&bti=NDU3ZjAwOg%3D%3D&ch=0&cr=3&dr=0&lr=unwatermarked&cd=0%7C0%7C0%7C&cv=1&br=1796&bt=898&cs=0&ds=6&ft=4KJMyMzm8Zmo0Actt-4jVEJsdpWrKsd.&mime_type=video_mp4&qs=0&rc=ZmQ3OzRpODg3OTloZmc1NkBpamhnZzo6ZmY6bjMzODgzNEAwNmIxXjAuNi8xLzZgMTMzYSNya3E1cjRnbWNgLS1kLzFzcw%3D%3D&btag=e00090000&expire=1713707926&l=20240419135717E4DB71771219B2049631&ply_type=2&policy=2&signature=f7462dce2f0d8042fc0f844950c072f9&tk=tt_chain_token","https://v16m-webapp.tiktokcdn-us.com/aec4c83ebd2e162a14af05cad5c08e1a/66251b96/video/tos/alisg/tos-alisg-pv-0037/0ba82e3d776a43c78bd7ce8c74411f7a/?a=1988&bti=NDU3ZjAwOg%3D%3D&ch=0&cr=3&dr=0&lr=unwatermarked&cd=0%7C0%7C0%7C&cv=1&br=26418&bt=13209&cs=0&ds=4&ft=4KLMeMzm8Zmo0Actt-4jVEJsdpWrKsd.&mime_type=video_mp4&qs=13&rc=amhnZzo6ZmY6bjMzODgzNEBpamhnZzo6ZmY6bjMzODgzNEBya3E1cjRnbWNgLS1kLzFzYSNya3E1cjRnbWNgLS1kLzFzcw%3D%3D&l=20240419135717E4DB71771219B2049631&btag=e00050000","vie-VN","https://v16m-webapp.tiktokcdn-us.com/aec4c83ebd2e162a14af05cad5c08e1a/66251b96/video/tos/alisg/tos-alisg-pv-0037/0ba82e3d776a43c78bd7ce8c74411f7a/?a=1988&bti=NDU3ZjAwOg%3D%3D&ch=0&cr=3&dr=0&lr=unwatermarked&cd=0%7C0%7C0%7C&cv=1&br=26418&bt=13209&cs=0&ds=4&ft=4KLMeMzm8Zmo0Actt-4jVEJsdpWrKsd.&mime_type=video_mp4&qs=13&rc=amhnZzo6ZmY6bjMzODgzNEBpamhnZzo6ZmY6bjMzODgzNEBya3E1cjRnbWNgLS1kLzFzYSNya3E1cjRnbWNgLS1kLzFzcw%3D%3D&l=20240419135717E4DB71771219B2049631&btag=e00050000",,,,,,,,,,,,,,,,,,,,,,,,,,,,"576","Cùng Linh và Lipovitan với hành trình ""Năng Lượng Cho Cuộc Sống"" #lipovitan #nuoctangluc #nuoctangluclipovitan #nangluongchocuocsong","4","https://www.tiktok.com/@lipovitan.vn/video/7286398364235681031","1","16300","2023-10-05T09:07:35.000Z","34"
"https://p16-sign-sg.tiktokcdn.com/obj/tos-alisg-p-0037/0b4866c71845456a8e2ded38c1d383a4_1696496812?x-expires=1713704400&x-signature=k%2Ba%2BeAXkCH3%2FOhBnaKNn5sPQqRk%3D","540p","https://v16-webapp-prime.us.tiktok.com/video/tos/alisg/tos-alisg-pve-0037/oQjDLjKVAerfHOnE4PAxegRP5AloPKJCA827Ys/?a=1988&bti=NDU3ZjAwOg%3D%3D&ch=0&cr=3&dr=0&lr=unwatermarked&cd=0%7C0%7C0%7C&cv=1&br=1562&bt=781&cs=0&ds=6&ft=4KJMyMzm8Zmo0Actt-4jVEJsdpWrKsd.&mime_type=video_mp4&qs=0&rc=NjlmZDRkOjU0ZmhkNTloaUBpM2k4aDg6ZnM6bjMzODgzNEBjXi5hMi5jNl8xMTMxLjRgYSNsZmlmcjRvbGNgLS1kLzFzcw%3D%3D&btag=e00090000&expire=1713707930&l=20240419135717E4DB71771219B2049631&ply_type=2&policy=2&signature=6ca9eb59eb9123733184fdaa4ed6eecd&tk=tt_chain_token","92","mp4","1024","https://p16-sign-sg.tiktokcdn.com/obj/tos-alisg-p-0037/0b4866c71845456a8e2ded38c1d383a4_1696496812?x-expires=1713704400&x-signature=k%2Ba%2BeAXkCH3%2FOhBnaKNn5sPQqRk%3D","https://v16-webapp-prime.us.tiktok.com/video/tos/alisg/tos-alisg-pve-0037/oQjDLjKVAerfHOnE4PAxegRP5AloPKJCA827Ys/?a=1988&bti=NDU3ZjAwOg%3D%3D&ch=0&cr=3&dr=0&lr=unwatermarked&cd=0%7C0%7C0%7C&cv=1&br=1562&bt=781&cs=0&ds=6&ft=4KJMyMzm8Zmo0Actt-4jVEJsdpWrKsd.&mime_type=video_mp4&qs=0&rc=NjlmZDRkOjU0ZmhkNTloaUBpM2k4aDg6ZnM6bjMzODgzNEBjXi5hMi5jNl8xMTMxLjRgYSNsZmlmcjRvbGNgLS1kLzFzcw%3D%3D&btag=e00090000&expire=1713707930&l=20240419135717E4DB71771219B2049631&ply_type=2&policy=2&signature=6ca9eb59eb9123733184fdaa4ed6eecd&tk=tt_chain_token","https://v16m-webapp.tiktokcdn-us.com/2f5696871bd6034dc377a95ca0427339/66251b9a/video/tos/alisg/tos-alisg-pv-0037/375758b7d7554b5fa23515d729939ebd/?a=1988&bti=NDU3ZjAwOg%3D%3D&ch=0&cr=3&dr=0&lr=unwatermarked&cd=0%7C0%7C0%7C&cv=1&br=1562&bt=781&cs=0&ds=6&ft=4KLMeMzm8Zmo0Actt-4jVEJsdpWrKsd.&mime_type=video_mp4&qs=13&rc=M2k4aDg6ZnM6bjMzODgzNEBpM2k4aDg6ZnM6bjMzODgzNEBsZmlmcjRvbGNgLS1kLzFzYSNsZmlmcjRvbGNgLS1kLzFzcw%3D%3D&l=20240419135717E4DB71771219B2049631&btag=e00050000","vie-VN","https://v16m-webapp.tiktokcdn-us.com/2f5696871bd6034dc377a95ca0427339/66251b9a/video/tos/alisg/tos-alisg-pv-0037/375758b7d7554b5fa23515d729939ebd/?a=1988&bti=NDU3ZjAwOg%3D%3D&ch=0&cr=3&dr=0&lr=unwatermarked&cd=0%7C0%7C0%7C&cv=1&br=1562&bt=781&cs=0&ds=6&ft=4KLMeMzm8Zmo0Actt-4jVEJsdpWrKsd.&mime_type=video_mp4&qs=13&rc=M2k4aDg6ZnM6bjMzODgzNEBpM2k4aDg6ZnM6bjMzODgzNEBsZmlmcjRvbGNgLS1kLzFzYSNsZmlmcjRvbGNgLS1kLzFzcw%3D%3D&l=20240419135717E4DB71771219B2049631&btag=e00050000","https://v16m-webapp.tiktokcdn-us.com/d3d20746e7b062d599cac12b386bd402/66251b9a/video/tos/alisg/tos-alisg-pv-0037/98621ed285e94ef3913dcff4d60533c3/?a=1988&bti=NDU3ZjAwOg%3D%3D&ch=0&cr=3&dr=0&lr=unwatermarked&cd=0%7C0%7C0%7C&cv=1&br=1562&bt=781&cs=0&ds=6&ft=4KLMeMzm8Zmo0Actt-4jVEJsdpWrKsd.&mime_type=video_mp4&qs=13&rc=M2k4aDg6ZnM6bjMzODgzNEBpM2k4aDg6ZnM6bjMzODgzNEBsZmlmcjRvbGNgLS1kLzFzYSNsZmlmcjRvbGNgLS1kLzFzcw%3D%3D&l=20240419135717E4DB71771219B2049631&btag=e00050000","vie-VN","https://v16m-webapp.tiktokcdn-us.com/d3d20746e7b062d599cac12b386bd402/66251b9a/video/tos/alisg/tos-alisg-pv-0037/98621ed285e94ef3913dcff4d60533c3/?a=1988&bti=NDU3ZjAwOg%3D%3D&ch=0&cr=3&dr=0&lr=unwatermarked&cd=0%7C0%7C0%7C&cv=1&br=1562&bt=781&cs=0&ds=6&ft=4KLMeMzm8Zmo0Actt-4jVEJsdpWrKsd.&mime_type=video_mp4&qs=13&rc=M2k4aDg6ZnM6bjMzODgzNEBpM2k4aDg6ZnM6bjMzODgzNEBsZmlmcjRvbGNgLS1kLzFzYSNsZmlmcjRvbGNgLS1kLzFzcw%3D%3D&l=20240419135717E4DB71771219B2049631&btag=e00050000",,,,,,,,,,,,,,,,,,,,,,,,,"576","Cùng Hiếu Minh và Lipovitan với hành trình ""Năng Lượng Cho Cuộc Sống"" #lipovitan #nuoctangluc #nuoctangluclipovitan #nangluongchocuocsong","0","https://www.tiktok.com/@lipovitan.vn/video/7286398100707626247","1","722","2023-10-05T09:06:35.000Z","7"
"https://p16-sign-sg.tiktokcdn.com/obj/tos-alisg-p-0037/8dfd92326111417892f53e177fff8da9_1696496726?x-expires=1713704400&x-signature=kRumo5lU%2F8TBSzSRMoSIKYenc6M%3D","540p","https://v16-webapp-prime.us.tiktok.com/video/tos/alisg/tos-alisg-pve-0037/oExSDrMHgwkVAQHFlYIYf08lCBB8UnbfBqgmna/?a=1988&bti=NDU3ZjAwOg%3D%3D&ch=0&cr=3&dr=0&lr=unwatermarked&cd=0%7C0%7C0%7C&cv=1&br=3210&bt=1605&cs=0&ds=6&ft=4KJMyMzm8Zmo0Actt-4jVEJsdpWrKsd.&mime_type=video_mp4&qs=0&rc=NTY3aTppNTNoZTRmPDY0ZUBpam9oaTw6ZmY6bjMzODgzNEBhYjUxLy0wNjIxYmMzYDYuYSM2LnAycjRfbGNgLS1kLzFzcw%3D%3D&btag=e00090000&expire=1713707900&l=20240419135717E4DB71771219B2049631&ply_type=2&policy=2&signature=74ef554654d8b0245826063f74ef2d63&tk=tt_chain_token","62","mp4","1024","https://p16-sign-sg.tiktokcdn.com/obj/tos-alisg-p-0037/8dfd92326111417892f53e177fff8da9_1696496726?x-expires=1713704400&x-signature=kRumo5lU%2F8TBSzSRMoSIKYenc6M%3D","https://v16-webapp-prime.us.tiktok.com/video/tos/alisg/tos-alisg-pve-0037/oExSDrMHgwkVAQHFlYIYf08lCBB8UnbfBqgmna/?a=1988&bti=NDU3ZjAwOg%3D%3D&ch=0&cr=3&dr=0&lr=unwatermarked&cd=0%7C0%7C0%7C&cv=1&br=3210&bt=1605&cs=0&ds=6&ft=4KJMyMzm8Zmo0Actt-4jVEJsdpWrKsd.&mime_type=video_mp4&qs=0&rc=NTY3aTppNTNoZTRmPDY0ZUBpam9oaTw6ZmY6bjMzODgzNEBhYjUxLy0wNjIxYmMzYDYuYSM2LnAycjRfbGNgLS1kLzFzcw%3D%3D&btag=e00090000&expire=1713707900&l=20240419135717E4DB71771219B2049631&ply_type=2&policy=2&signature=74ef554654d8b0245826063f74ef2d63&tk=tt_chain_token","https://v16m-webapp.tiktokcdn-us.com/49fb60547a448f56889ad74308bdd0e2/66251b7c/video/tos/alisg/tos-alisg-pv-0037/8dd79f466e254ad58113f7b0af5798e9/?a=1988&bti=NDU3ZjAwOg%3D%3D&ch=0&cr=3&dr=0&lr=unwatermarked&cd=0%7C0%7C0%7C&cv=1&br=3764&bt=1882&cs=0&ds=3&ft=4KLMeMzm8Zmo0Actt-4jVEJsdpWrKsd.&mime_type=video_mp4&qs=13&rc=am9oaTw6ZmY6bjMzODgzNEBpam9oaTw6ZmY6bjMzODgzNEA2LnAycjRfbGNgLS1kLzFzYSM2LnAycjRfbGNgLS1kLzFzcw%3D%3D&l=20240419135717E4DB71771219B2049631&btag=e00050000","vie-VN","https://v16m-webapp.tiktokcdn-us.com/49fb60547a448f56889ad74308bdd0e2/66251b7c/video/tos/alisg/tos-alisg-pv-0037/8dd79f466e254ad58113f7b0af5798e9/?a=1988&bti=NDU3ZjAwOg%3D%3D&ch=0&cr=3&dr=0&lr=unwatermarked&cd=0%7C0%7C0%7C&cv=1&br=3764&bt=1882&cs=0&ds=3&ft=4KLMeMzm8Zmo0Actt-4jVEJsdpWrKsd.&mime_type=video_mp4&qs=13&rc=am9oaTw6ZmY6bjMzODgzNEBpam9oaTw6ZmY6bjMzODgzNEA2LnAycjRfbGNgLS1kLzFzYSM2LnAycjRfbGNgLS1kLzFzcw%3D%3D&l=20240419135717E4DB71771219B2049631&btag=e00050000",,,,,,,,,,,,,,,,,,,,,,,,,,,,"576","Cùng Ha Mid và Lipovitan với hành trình ""Năng Lượng Cho Cuộc Sống"" #lipovitan #nuoctangluc #nuoctangluclipovitan #nangluongchocuocsong","45","https://www.tiktok.com/@lipovitan.vn/video/7286397778014571784","32","930200","2023-10-05T09:05:24.000Z","3543"
"https://p16-sign-sg.tiktokcdn.com/obj/tos-alisg-p-0037/o4nS87buBy6nleaCznWBA1UuDHQBeIWgVZQg2U?x-expires=1713704400&x-signature=NMMDKrlq%2BXAah9qV5HOg3wt4PA0%3D","540p","https://v16-webapp-prime.us.tiktok.com/video/tos/alisg/tos-alisg-pve-0037/o0qBgb6WnBglewyC18DfnnQCHBUISuZgWHVUuA/?a=1988&bti=NDU3ZjAwOg%3D%3D&ch=0&cr=3&dr=0&lr=unwatermarked&cd=0%7C0%7C0%7C&cv=1&br=2600&bt=1300&cs=0&ds=6&ft=4KJMyMzm8Zmo0Actt-4jVEJsdpWrKsd.&mime_type=video_mp4&qs=0&rc=ZDlkaTNoaWUzZjY6ZTo3NEBpanc3bGU6Zmc6bjMzODgzNEBiNWAtYS8vX2AxYi9hYjNjYSNfbW8xcjRfa2NgLS1kLzFzcw%3D%3D&btag=e00090000&expire=1713707972&l=20240419135717E4DB71771219B2049631&ply_type=2&policy=2&signature=0373f60be463d623c99c51576ffd7d64&tk=tt_chain_token","134","mp4","1024","https://p16-sign-sg.tiktokcdn.com/obj/tos-alisg-p-0037/o4nS87buBy6nleaCznWBA1UuDHQBeIWgVZQg2U?x-expires=1713704400&x-signature=NMMDKrlq%2BXAah9qV5HOg3wt4PA0%3D","https://v16-webapp-prime.us.tiktok.com/video/tos/alisg/tos-alisg-pve-0037/o0qBgb6WnBglewyC18DfnnQCHBUISuZgWHVUuA/?a=1988&bti=NDU3ZjAwOg%3D%3D&ch=0&cr=3&dr=0&lr=unwatermarked&cd=0%7C0%7C0%7C&cv=1&br=2600&bt=1300&cs=0&ds=6&ft=4KJMyMzm8Zmo0Actt-4jVEJsdpWrKsd.&mime_type=video_mp4&qs=0&rc=ZDlkaTNoaWUzZjY6ZTo3NEBpanc3bGU6Zmc6bjMzODgzNEBiNWAtYS8vX2AxYi9hYjNjYSNfbW8xcjRfa2NgLS1kLzFzcw%3D%3D&btag=e00090000&expire=1713707972&l=20240419135717E4DB71771219B2049631&ply_type=2&policy=2&signature=0373f60be463d623c99c51576ffd7d64&tk=tt_chain_token","https://v16m-webapp.tiktokcdn-us.com/9460734771355f5e227e2a7c548c0b0f/66251bc4/video/tos/alisg/tos-alisg-pv-0037/c66e7cb1e1ed46b7bfa400f013925ff5/?a=1988&bti=NDU3ZjAwOg%3D%3D&ch=0&cr=3&dr=0&lr=unwatermarked&cd=0%7C0%7C0%7C&cv=1&br=2600&bt=1300&cs=0&ds=6&ft=4KLMeMzm8Zmo0Actt-4jVEJsdpWrKsd.&mime_type=video_mp4&qs=13&rc=anc3bGU6Zmc6bjMzODgzNEBpanc3bGU6Zmc6bjMzODgzNEBfbW8xcjRfa2NgLS1kLzFzYSNfbW8xcjRfa2NgLS1kLzFzcw%3D%3D&l=20240419135717E4DB71771219B2049631&btag=e00050000","vie-VN","https://v16m-webapp.tiktokcdn-us.com/9460734771355f5e227e2a7c548c0b0f/66251bc4/video/tos/alisg/tos-alisg-pv-0037/c66e7cb1e1ed46b7bfa400f013925ff5/?a=1988&bti=NDU3ZjAwOg%3D%3D&ch=0&cr=3&dr=0&lr=unwatermarked&cd=0%7C0%7C0%7C&cv=1&br=2600&bt=1300&cs=0&ds=6&ft=4KLMeMzm8Zmo0Actt-4jVEJsdpWrKsd.&mime_type=video_mp4&qs=13&rc=anc3bGU6Zmc6bjMzODgzNEBpanc3bGU6Zmc6bjMzODgzNEBfbW8xcjRfa2NgLS1kLzFzYSNfbW8xcjRfa2NgLS1kLzFzcw%3D%3D&l=20240419135717E4DB71771219B2049631&btag=e00050000","https://v16m-webapp.tiktokcdn-us.com/de06ab8b812e56ef54d3d2307ca1a066/66251bc4/video/tos/alisg/tos-alisg-pv-0037/627cc9c5c7a545b5a0531092379cd4c9/?a=1988&bti=NDU3ZjAwOg%3D%3D&ch=0&cr=3&dr=0&lr=unwatermarked&cd=0%7C0%7C0%7C&cv=1&br=2600&bt=1300&cs=0&ds=6&ft=4KLMeMzm8Zmo0Actt-4jVEJsdpWrKsd.&mime_type=video_mp4&qs=13&rc=anc3bGU6Zmc6bjMzODgzNEBpanc3bGU6Zmc6bjMzODgzNEBfbW8xcjRfa2NgLS1kLzFzYSNfbW8xcjRfa2NgLS1kLzFzcw%3D%3D&l=20240419135717E4DB71771219B2049631&btag=e00050000","vie-VN","https://v16m-webapp.tiktokcdn-us.com/de06ab8b812e56ef54d3d2307ca1a066/66251bc4/video/tos/alisg/tos-alisg-pv-0037/627cc9c5c7a545b5a0531092379cd4c9/?a=1988&bti=NDU3ZjAwOg%3D%3D&ch=0&cr=3&dr=0&lr=unwatermarked&cd=0%7C0%7C0%7C&cv=1&br=2600&bt=1300&cs=0&ds=6&ft=4KLMeMzm8Zmo0Actt-4jVEJsdpWrKsd.&mime_type=video_mp4&qs=13&rc=anc3bGU6Zmc6bjMzODgzNEBpanc3bGU6Zmc6bjMzODgzNEBfbW8xcjRfa2NgLS1kLzFzYSNfbW8xcjRfa2NgLS1kLzFzcw%3D%3D&l=20240419135717E4DB71771219B2049631&btag=e00050000",,,,,,,,,,,,,,,,,,,,,,,,,"576","Cùng Bình Nè và Lipovitan với hành trình ""Năng Lượng Cho Cuộc Sống"" #lipovitan #nuoctangluc #nuoctangluclipovitan #nangluongchocuocsong","0","https://www.tiktok.com/@lipovitan.vn/video/7286397575878479112","1","604","2023-10-05T09:04:19.000Z","4"
"https://p16-sign-sg.tiktokcdn.com/obj/tos-alisg-p-0037/d94d3728fdd648ecb2f7aca6753932fe_1655109141?x-expires=1713704400&x-signature=%2Bu1mcoEkNqK3FYChtL2lZBV%2BNg4%3D","540p","https://v16-webapp-prime.us.tiktok.com/video/tos/alisg/tos-alisg-pve-0037/d317d1ad987949b68f7821f2b078f708/?a=1988&bti=NDU3ZjAwOg%3D%3D&ch=0&cr=3&dr=0&lr=unwatermarked&cd=0%7C0%7C0%7C&cv=1&br=3562&bt=1781&cs=0&ds=6&ft=4KJMyMzm8Zmo0Actt-4jVEJsdpWrKsd.&mime_type=video_mp4&qs=0&rc=OGYzOzQ3NTM8NjM5NmZkM0BpajRtOTk6ZnhpZDMzODgzNEA1XjRjNWJgXzMxMy5iYGNjYSNqbWpjcjRfXmdgLS1kLy1zcw%3D%3D&btag=e00090000&expire=1713707963&l=20240419135717E4DB71771219B2049631&ply_type=2&policy=2&signature=32db47d3312dc7b73e4080d21dc28045&tk=tt_chain_token","125","mp4","1024","https://p16-sign-sg.tiktokcdn.com/obj/tos-alisg-p-0037/d94d3728fdd648ecb2f7aca6753932fe_1655109141?x-expires=1713704400&x-signature=%2Bu1mcoEkNqK3FYChtL2lZBV%2BNg4%3D","https://v16-webapp-prime.us.tiktok.com/video/tos/alisg/tos-alisg-pve-0037/d317d1ad987949b68f7821f2b078f708/?a=1988&bti=NDU3ZjAwOg%3D%3D&ch=0&cr=3&dr=0&lr=unwatermarked&cd=0%7C0%7C0%7C&cv=1&br=3562&bt=1781&cs=0&ds=6&ft=4KJMyMzm8Zmo0Actt-4jVEJsdpWrKsd.&mime_type=video_mp4&qs=0&rc=OGYzOzQ3NTM8NjM5NmZkM0BpajRtOTk6ZnhpZDMzODgzNEA1XjRjNWJgXzMxMy5iYGNjYSNqbWpjcjRfXmdgLS1kLy1zcw%3D%3D&btag=e00090000&expire=1713707963&l=20240419135717E4DB71771219B2049631&ply_type=2&policy=2&signature=32db47d3312dc7b73e4080d21dc28045&tk=tt_chain_token",,,,,,,,,,,,,,,,,,,,,,,,,,,,,,,"576","Lipovitan cùng An Đen đi rừng #lipovitan @anden75 #batnaptrungvang #ancungtiktok","24","https://www.tiktok.com/@lipovitan.vn/video/7108639567258848513","75","1100000","2022-06-13T08:32:07.000Z","44700"
"https://p16-sign-sg.tiktokcdn.com/obj/tos-alisg-p-0037/5bf35319680649aeb9a3dafc0b260008?x-expires=1713704400&x-signature=qyvRBKgDzPI6EMMs7Rxm2Wh4KGI%3D","540p","https://v16-webapp-prime.us.tiktok.com/video/tos/alisg/tos-alisg-pve-0037/9b7bee96ee9d4786815cdc5a1c9ba937/?a=1988&bti=NDU3ZjAwOg%3D%3D&ch=0&cr=3&dr=0&lr=unwatermarked&cd=0%7C0%7C0%7C&cv=1&br=2678&bt=1339&cs=0&ds=6&ft=4KJMyMzm8Zmo0Actt-4jVEJsdpWrKsd.&mime_type=video_mp4&qs=0&rc=OTM1NDs3MzY0aDc0Z2Q2N0Bpank5Nzc6ZjlpZDMzODgzNEAzXzE2XjZeXjAxNS9fY2FgYSM2MWRfcjRvMGdgLS1kLy1zcw%3D%3D&btag=e00090000&expire=1713707979&l=20240419135717E4DB71771219B2049631&ply_type=2&policy=2&signature=e72ab148611733ff1960c1ae4734b3d5&tk=tt_chain_token","141","mp4","1024","https://p16-sign-sg.tiktokcdn.com/obj/tos-alisg-p-0037/5bf35319680649aeb9a3dafc0b260008?x-expires=1713704400&x-signature=qyvRBKgDzPI6EMMs7Rxm2Wh4KGI%3D","https://v16-webapp-prime.us.tiktok.com/video/tos/alisg/tos-alisg-pve-0037/9b7bee96ee9d4786815cdc5a1c9ba937/?a=1988&bti=NDU3ZjAwOg%3D%3D&ch=0&cr=3&dr=0&lr=unwatermarked&cd=0%7C0%7C0%7C&cv=1&br=2678&bt=1339&cs=0&ds=6&ft=4KJMyMzm8Zmo0Actt-4jVEJsdpWrKsd.&mime_type=video_mp4&qs=0&rc=OTM1NDs3MzY0aDc0Z2Q2N0Bpank5Nzc6ZjlpZDMzODgzNEAzXzE2XjZeXjAxNS9fY2FgYSM2MWRfcjRvMGdgLS1kLy1zcw%3D%3D&btag=e00090000&expire=1713707979&l=20240419135717E4DB71771219B2049631&ply_type=2&policy=2&signature=e72ab148611733ff1960c1ae4734b3d5&tk=tt_chain_token",,,,,,,,,,,,,,,,,,,,,,,,,,,,,,,"576","Làm gỏi dạ dày và thưởng thức nước tăng lực Lipovitan cùng #AnhNongDan nhé #nuoctangluc #lipovitan  #batnaptrungvang #ancungtiktok","4","https://www.tiktok.com/@lipovitan.vn/video/7108635034348735745","7","98000","2022-06-13T08:14:32.000Z","1654"
"https://p16-sign-sg.tiktokcdn.com/obj/tos-alisg-p-0037/580f0ca7cf234a3784ede5586636f410_1655107192?x-expires=1713704400&x-signature=LPxeyu8T2hY5vGgoydpXdACn%2B50%3D","540p","https://v16-webapp-prime.us.tiktok.com/video/tos/alisg/tos-alisg-pve-0037/3da25afeee0f496a8963a185b9d58087/?a=1988&bti=NDU3ZjAwOg%3D%3D&ch=0&cr=3&dr=0&lr=unwatermarked&cd=0%7C0%7C0%7C&cv=1&br=2688&bt=1344&cs=0&ds=6&ft=4KJMyMzm8Zmo0Actt-4jVEJsdpWrKsd.&mime_type=video_mp4&qs=0&rc=MzhnPDs5PGllZTlmN2hkOkBpMzNwdTk6ZmhoZDMzODgzNEA2NS1iLl8wNmIxMjNjYmAyYSNobGI2cjQwaWdgLS1kLy1zcw%3D%3D&btag=e00090000&expire=1713707916&l=20240419135717E4DB71771219B2049631&ply_type=2&policy=2&signature=cd033e4cb1bb84aca95597b9a1ecabc5&tk=tt_chain_token","78","mp4","1024","https://p16-sign-sg.tiktokcdn.com/obj/tos-alisg-p-0037/580f0ca7cf234a3784ede5586636f410_1655107192?x-expires=1713704400&x-signature=LPxeyu8T2hY5vGgoydpXdACn%2B50%3D","https://v16-webapp-prime.us.tiktok.com/video/tos/alisg/tos-alisg-pve-0037/3da25afeee0f496a8963a185b9d58087/?a=1988&bti=NDU3ZjAwOg%3D%3D&ch=0&cr=3&dr=0&lr=unwatermarked&cd=0%7C0%7C0%7C&cv=1&br=2688&bt=1344&cs=0&ds=6&ft=4KJMyMzm8Zmo0Actt-4jVEJsdpWrKsd.&mime_type=video_mp4&qs=0&rc=MzhnPDs5PGllZTlmN2hkOkBpMzNwdTk6ZmhoZDMzODgzNEA2NS1iLl8wNmIxMjNjYmAyYSNobGI2cjQwaWdgLS1kLy1zcw%3D%3D&btag=e00090000&expire=1713707916&l=20240419135717E4DB71771219B2049631&ply_type=2&policy=2&signature=cd033e4cb1bb84aca95597b9a1ecabc5&tk=tt_chain_token",,,,,,,,,,,,,,,,,,,,,,,,,,,,,,,"576","Nước tăng lực Lipovitan - cung cấp thêm năng lượng cho cả ngày dài! #AnhNongDan #lipovitan #batnaptrungvang","5","https://www.tiktok.com/@lipovitan.vn/video/7108631210187967745","2","54200","2022-06-13T07:59:42.000Z","330"
"https://p16-sign-sg.tiktokcdn.com/obj/tos-alisg-p-0037/424fa9c83e7341db9927d6eb6b8c536b?x-expires=1713704400&x-signature=sRK5CcLBwz00AJ%2BEVWobR4Pf%2Bfs%3D","720p","https://v16-webapp-prime.us.tiktok.com/video/tos/alisg/tos-alisg-pve-0037/1f8cff3f58e14444ac52d6d941dfffe4/?a=1988&bti=NDU3ZjAwOg%3D%3D&ch=0&cr=3&dr=0&lr=unwatermarked&cd=0%7C0%7C0%7C&cv=1&br=3772&bt=1886&cs=0&ds=3&ft=4KJMyMzm8Zmo0Actt-4jVEJsdpWrKsd.&mime_type=video_mp4&qs=0&rc=ODdlMzo1aWQ3OWlkZ2c6OkBpanQ4eDU6ZndoZDMzODgzNEAtY2NjNC41X2IxMzZhMTY2YSMzbF5pcjRnYWdgLS1kLy1zcw%3D%3D&btag=e00090000&expire=1713707949&l=20240419135717E4DB71771219B2049631&ply_type=2&policy=2&signature=14a799292120b1d2cdcd55371f74dbd9&tk=tt_chain_token","111","mp4","1280","https://p16-sign-sg.tiktokcdn.com/obj/tos-alisg-p-0037/424fa9c83e7341db9927d6eb6b8c536b?x-expires=1713704400&x-signature=sRK5CcLBwz00AJ%2BEVWobR4Pf%2Bfs%3D","https://v16-webapp-prime.us.tiktok.com/video/tos/alisg/tos-alisg-pve-0037/1f8cff3f58e14444ac52d6d941dfffe4/?a=1988&bti=NDU3ZjAwOg%3D%3D&ch=0&cr=3&dr=0&lr=unwatermarked&cd=0%7C0%7C0%7C&cv=1&br=3772&bt=1886&cs=0&ds=3&ft=4KJMyMzm8Zmo0Actt-4jVEJsdpWrKsd.&mime_type=video_mp4&qs=0&rc=ODdlMzo1aWQ3OWlkZ2c6OkBpanQ4eDU6ZndoZDMzODgzNEAtY2NjNC41X2IxMzZhMTY2YSMzbF5pcjRnYWdgLS1kLy1zcw%3D%3D&btag=e00090000&expire=1713707949&l=20240419135717E4DB71771219B2049631&ply_type=2&policy=2&signature=14a799292120b1d2cdcd55371f74dbd9&tk=tt_chain_token",,,,,,,,,,,,,,,,,,,,,,,,,,,,,,,"720","Ai cũng có một phụ huynh như này #Nuoctangluc #Lipovitan #BatNapTrungVang","10","https://www.tiktok.com/@lipovitan.vn/video/7108623675410091266","2","33400","2022-06-13T07:30:27.000Z","619"
"https://p16-sign-sg.tiktokcdn.com/obj/tos-alisg-p-0037/b3578a1209b043799f65c021abc561bc_1655105290?x-expires=1713704400&x-signature=QdKlAweaoZdp1tTaeGvwQsL0D50%3D","540p","https://v16-webapp-prime.us.tiktok.com/video/tos/alisg/tos-alisg-pve-0037/887d3ba1d6264505a757bc9256a42fbb/?a=1988&bti=NDU3ZjAwOg%3D%3D&ch=0&cr=3&dr=0&lr=unwatermarked&cd=0%7C0%7C0%7C&cv=1&br=5140&bt=2570&cs=0&ds=6&ft=4KJMyMzm8Zmo0Actt-4jVEJsdpWrKsd.&mime_type=video_mp4&qs=0&rc=aGU0PDU3OmY7Zjk3ZjxmO0BpM2Zlbzk6ZmloZDMzODgzNEBiMTQ1NF9fX2AxLi5jXjBjYSM0azNqcjRfYWdgLS1kLy1zcw%3D%3D&btag=e00090000&expire=1713707921&l=20240419135717E4DB71771219B2049631&ply_type=2&policy=2&signature=c86ef0f920e5091daa4c5264877dd304&tk=tt_chain_token","83","mp4","1024","https://p16-sign-sg.tiktokcdn.com/obj/tos-alisg-p-0037/b3578a1209b043799f65c021abc561bc_1655105290?x-expires=1713704400&x-signature=QdKlAweaoZdp1tTaeGvwQsL0D50%3D","https://v16-webapp-prime.us.tiktok.com/video/tos/alisg/tos-alisg-pve-0037/887d3ba1d6264505a757bc9256a42fbb/?a=1988&bti=NDU3ZjAwOg%3D%3D&ch=0&cr=3&dr=0&lr=unwatermarked&cd=0%7C0%7C0%7C&cv=1&br=5140&bt=2570&cs=0&ds=6&ft=4KJMyMzm8Zmo0Actt-4jVEJsdpWrKsd.&mime_type=video_mp4&qs=0&rc=aGU0PDU3OmY7Zjk3ZjxmO0BpM2Zlbzk6ZmloZDMzODgzNEBiMTQ1NF9fX2AxLi5jXjBjYSM0azNqcjRfYWdgLS1kLy1zcw%3D%3D&btag=e00090000&expire=1713707921&l=20240419135717E4DB71771219B2049631&ply_type=2&policy=2&signature=c86ef0f920e5091daa4c5264877dd304&tk=tt_chain_token","https://v16m-webapp.tiktokcdn-us.com/d6f01c9b0b9f9b6cb17c88af61161003/66251b91/video/tos/alisg/tos-alisg-pv-0037/e91d92a203ee4a92afb5dc703b45a959/?a=1988&bti=NDU3ZjAwOg%3D%3D&ch=0&cr=3&dr=0&lr=unwatermarked&cd=0%7C0%7C0%7C&cv=1&br=12526&bt=6263&cs=0&ds=3&ft=4KLMeMzm8Zmo0Actt-4jVEJsdpWrKsd.&mime_type=video_mp4&qs=13&rc=M2Zlbzk6ZmloZDMzODgzNEBpM2Zlbzk6ZmloZDMzODgzNEA0azNqcjRfYWdgLS1kLy1zYSM0azNqcjRfYWdgLS1kLy1zcw%3D%3D&l=20240419135717E4DB71771219B2049631&btag=e00050000","vie-VN","https://v16m-webapp.tiktokcdn-us.com/d6f01c9b0b9f9b6cb17c88af61161003/66251b91/video/tos/alisg/tos-alisg-pv-0037/e91d92a203ee4a92afb5dc703b45a959/?a=1988&bti=NDU3ZjAwOg%3D%3D&ch=0&cr=3&dr=0&lr=unwatermarked&cd=0%7C0%7C0%7C&cv=1&br=12526&bt=6263&cs=0&ds=3&ft=4KLMeMzm8Zmo0Actt-4jVEJsdpWrKsd.&mime_type=video_mp4&qs=13&rc=M2Zlbzk6ZmloZDMzODgzNEBpM2Zlbzk6ZmloZDMzODgzNEA0azNqcjRfYWdgLS1kLy1zYSM0azNqcjRfYWdgLS1kLy1zcw%3D%3D&l=20240419135717E4DB71771219B2049631&btag=e00050000",,,,,,,,,,,,,,,,,,,,,,,,,,,,"576","Uống Lipovitan Bật Nắp Trúng Vàng cùng Anh Bộ Đội nào #lipovitan #batnaptrungvang","2","https://www.tiktok.com/@lipovitan.vn/video/7108623039163616514","1","12900","2022-06-13T07:28:00.000Z","121"
"https://p16-sign-sg.tiktokcdn.com/obj/tos-alisg-p-0037/ad42bcbde255444d9dc81bcfda007028_1655086825?x-expires=1713704400&x-signature=Mr%2BxTi%2FXDjWHpdRHM99nFWjFPWQ%3D","720p","https://v16-webapp-prime.us.tiktok.com/video/tos/alisg/tos-alisg-pve-0037/a7fee458898b496ea94b247d219e774e/?a=1988&bti=NDU3ZjAwOg%3D%3D&ch=0&cr=3&dr=0&lr=unwatermarked&cd=0%7C0%7C0%7C&cv=1&br=6714&bt=3357&cs=0&ds=3&ft=4KJMyMzm8Zmo0Actt-4jVEJsdpWrKsd.&mime_type=video_mp4&qs=0&rc=aWQ6ZDs0aTk7Zzk1MzNlM0BpanJ1ZDQ6Znk8ZDMzODgzNEA2MDVfX15hNV4xMzUwXmFhYSMybWJecjRfcGdgLS1kLy1zcw%3D%3D&btag=e00090000&expire=1713707989&l=20240419135717E4DB71771219B2049631&ply_type=2&policy=2&signature=51729ef8b1bb5e44dabb92e7a48c4b6d&tk=tt_chain_token","151","mp4","1280","https://p16-sign-sg.tiktokcdn.com/obj/tos-alisg-p-0037/ad42bcbde255444d9dc81bcfda007028_1655086825?x-expires=1713704400&x-signature=Mr%2BxTi%2FXDjWHpdRHM99nFWjFPWQ%3D","https://v16-webapp-prime.us.tiktok.com/video/tos/alisg/tos-alisg-pve-0037/a7fee458898b496ea94b247d219e774e/?a=1988&bti=NDU3ZjAwOg%3D%3D&ch=0&cr=3&dr=0&lr=unwatermarked&cd=0%7C0%7C0%7C&cv=1&br=6714&bt=3357&cs=0&ds=3&ft=4KJMyMzm8Zmo0Actt-4jVEJsdpWrKsd.&mime_type=video_mp4&qs=0&rc=aWQ6ZDs0aTk7Zzk1MzNlM0BpanJ1ZDQ6Znk8ZDMzODgzNEA2MDVfX15hNV4xMzUwXmFhYSMybWJecjRfcGdgLS1kLy1zcw%3D%3D&btag=e00090000&expire=1713707989&l=20240419135717E4DB71771219B2049631&ply_type=2&policy=2&signature=51729ef8b1bb5e44dabb92e7a48c4b6d&tk=tt_chain_token",,,,,,,,,,,,,,,,,,,,,,,,,,,,,,,"720","Đố mọi người chất rơm vậy để làm gì đó?  #Ancungtiktok #Thiennhan5272 #Nuoctangluc #Lipovitan #BatNapTrungVang","20","https://www.tiktok.com/@lipovitan.vn/video/7108543756273536258","54","1700000","2022-06-13T02:20:22.000Z","47400"
"https://p16-sign-sg.tiktokcdn.com/obj/tos-alisg-p-0037/59a14394fa8943708f183c02f139d737?x-expires=1713704400&x-signature=0ODbP7YjGNf6%2FTGUqvUAZNKc%2Fn4%3D","720p","https://v16-webapp-prime.us.tiktok.com/video/tos/alisg/tos-alisg-pve-0037/0df2cf9a2cf644d68ac1aefc24ffe9e3/?a=1988&bti=NDU3ZjAwOg%3D%3D&ch=0&cr=3&dr=0&lr=unwatermarked&cd=0%7C0%7C0%7C&cv=1&br=6296&bt=3148&cs=0&ds=3&ft=4KJMyMzm8Zmo0Actt-4jVEJsdpWrKsd.&mime_type=video_mp4&qs=0&rc=NjxkOmVnaTY4NTQ0ZjlnZkBpM3czbGc6Zmg8ZDMzODgzNEAwMGIyYDIyNWIxMTA2Yy5iYSMtZG1fcjRfZmdgLS1kLy1zcw%3D%3D&btag=e00090000&expire=1713707924&l=20240419135717E4DB71771219B2049631&ply_type=2&policy=2&signature=66a5a829f8acef129e801946927de401&tk=tt_chain_token","86","mp4","1280","https://p16-sign-sg.tiktokcdn.com/obj/tos-alisg-p-0037/59a14394fa8943708f183c02f139d737?x-expires=1713704400&x-signature=0ODbP7YjGNf6%2FTGUqvUAZNKc%2Fn4%3D","https://v16-webapp-prime.us.tiktok.com/video/tos/alisg/tos-alisg-pve-0037/0df2cf9a2cf644d68ac1aefc24ffe9e3/?a=1988&bti=NDU3ZjAwOg%3D%3D&ch=0&cr=3&dr=0&lr=unwatermarked&cd=0%7C0%7C0%7C&cv=1&br=6296&bt=3148&cs=0&ds=3&ft=4KJMyMzm8Zmo0Actt-4jVEJsdpWrKsd.&mime_type=video_mp4&qs=0&rc=NjxkOmVnaTY4NTQ0ZjlnZkBpM3czbGc6Zmg8ZDMzODgzNEAwMGIyYDIyNWIxMTA2Yy5iYSMtZG1fcjRfZmdgLS1kLy1zcw%3D%3D&btag=e00090000&expire=1713707924&l=20240419135717E4DB71771219B2049631&ply_type=2&policy=2&signature=66a5a829f8acef129e801946927de401&tk=tt_chain_token","https://v16m-webapp.tiktokcdn-us.com/202009854ee7cea87d7f5fb81c2ed7d2/66251b94/video/tos/alisg/tos-alisg-pv-0037/df1092f546364af99891f28e95ad93d2/?a=1988&bti=NDU3ZjAwOg%3D%3D&ch=0&cr=3&dr=0&lr=unwatermarked&cd=0%7C0%7C0%7C&cv=1&br=19216&bt=9608&ds=4&ft=4KLMeMzm8Zmo0Actt-4jVEJsdpWrKsd.&mime_type=video_mp4&qs=13&rc=M3czbGc6Zmg8ZDMzODgzNEBpM3czbGc6Zmg8ZDMzODgzNEAtZG1fcjRfZmdgLS1kLy1zYSMtZG1fcjRfZmdgLS1kLy1zcw%3D%3D&l=20240419135717E4DB71771219B2049631&btag=e00050000","vie-VN","https://v16m-webapp.tiktokcdn-us.com/202009854ee7cea87d7f5fb81c2ed7d2/66251b94/video/tos/alisg/tos-alisg-pv-0037/df1092f546364af99891f28e95ad93d2/?a=1988&bti=NDU3ZjAwOg%3D%3D&ch=0&cr=3&dr=0&lr=unwatermarked&cd=0%7C0%7C0%7C&cv=1&br=19216&bt=9608&ds=4&ft=4KLMeMzm8Zmo0Actt-4jVEJsdpWrKsd.&mime_type=video_mp4&qs=13&rc=M3czbGc6Zmg8ZDMzODgzNEBpM3czbGc6Zmg8ZDMzODgzNEAtZG1fcjRfZmdgLS1kLy1zYSMtZG1fcjRfZmdgLS1kLy1zcw%3D%3D&l=20240419135717E4DB71771219B2049631&btag=e00050000",,,,,,,,,,,,,,,,,,,,,,,,,,,,"720","Canh chua ếch ngó sen. Món này ăn cơm 5 chén... #Nuoctangluc #Lipovitan #BatNapTrungVang #MCV #AnCungTikTok #MonAnSieuDe #huyenphi_97","24","https://www.tiktok.com/@lipovitan.vn/video/7108538897017097473","21","881300","2022-06-13T02:01:31.000Z","16400"
"https://p16-sign-sg.tiktokcdn.com/obj/tos-alisg-p-0037/ba862195c5c149d393f250c470ef79e1_1655085125?x-expires=1713704400&x-signature=4SRFK9sztOiJal0SPV9z5O45Ehs%3D","540p","https://v16-webapp-prime.us.tiktok.com/video/tos/alisg/tos-alisg-pve-0037/6030a63580a64517b420fdf412524d5a/?a=1988&bti=NDU3ZjAwOg%3D%3D&ch=0&cr=3&dr=0&lr=unwatermarked&cd=0%7C0%7C0%7C&cv=1&br=4778&bt=2389&cs=0&ds=6&ft=4KJMyMzm8Zmo0Actt-4jVEJsdpWrKsd.&mime_type=video_mp4&qs=0&rc=OzY4ODMzZTlpaDZmNTo6NEBpanVvaGY6Zjg8ZDMzODgzNEA0MDUtYTBfXzQxMTVjNTUzYSMuXmM2cjRvZGdgLS1kLy1zcw%3D%3D&btag=e00090000&expire=1713707905&l=20240419135717E4DB71771219B2049631&ply_type=2&policy=2&signature=e183f011e613875aaec6aa7a05673153&tk=tt_chain_token","67","mp4","1024","https://p16-sign-sg.tiktokcdn.com/obj/tos-alisg-p-0037/ba862195c5c149d393f250c470ef79e1_1655085125?x-expires=1713704400&x-signature=4SRFK9sztOiJal0SPV9z5O45Ehs%3D","https://v16-webapp-prime.us.tiktok.com/video/tos/alisg/tos-alisg-pve-0037/6030a63580a64517b420fdf412524d5a/?a=1988&bti=NDU3ZjAwOg%3D%3D&ch=0&cr=3&dr=0&lr=unwatermarked&cd=0%7C0%7C0%7C&cv=1&br=4778&bt=2389&cs=0&ds=6&ft=4KJMyMzm8Zmo0Actt-4jVEJsdpWrKsd.&mime_type=video_mp4&qs=0&rc=OzY4ODMzZTlpaDZmNTo6NEBpanVvaGY6Zjg8ZDMzODgzNEA0MDUtYTBfXzQxMTVjNTUzYSMuXmM2cjRvZGdgLS1kLy1zcw%3D%3D&btag=e00090000&expire=1713707905&l=20240419135717E4DB71771219B2049631&ply_type=2&policy=2&signature=e183f011e613875aaec6aa7a05673153&tk=tt_chain_token",,,,,,,,,,,,,,,,,,,,,,,,,,,,,,,"576","Khi Tía và Mami lên clip cùng nhau.... dui quá nha #khanhsoda #ancungtiktok #lipovitan #nuoctanglucmatong","41","https://www.tiktok.com/@lipovitan.vn/video/7108536432741993730","96","2200000","2022-06-13T01:51:58.000Z","84800"
"https://p16-sign-sg.tiktokcdn.com/obj/tos-alisg-p-0037/094969076ae6446bb805cad2f2c32626_1652242303?x-expires=1713704400&x-signature=Nh6tDdvd06SsNlkbIRHl%2F7isfN8%3D","540p","https://v16-webapp-prime.us.tiktok.com/video/tos/alisg/tos-alisg-pve-0037/e2187142eae645bcba1b3be0c7bef4cf/?a=1988&bti=NDU3ZjAwOg%3D%3D&ch=0&cr=3&dr=0&lr=unwatermarked&cd=0%7C0%7C0%7C&cv=1&br=3988&bt=1994&cs=0&ds=6&ft=4KJMyMzm8Zmo0Octt-4jVaObdpWrKsd.&mime_type=video_mp4&qs=0&rc=Z2g6NTQ3ZGZnNmQ6NzVkO0BpanVmbmQ6Zm9tPDMzODgzNEA1Yi1eYV41NV8xYi0uMDJfYSM2YWFwcjRfYnFgLS1kLy1zcw%3D%3D&btag=e00088000&expire=1713707859&l=2024041913571934DF44BC154C190499E0&ply_type=2&policy=2&signature=eb935ebae858b1d5b70cb22b5ec04b0c&tk=tt_chain_token","20","mp4","576","https://p16-sign-sg.tiktokcdn.com/obj/tos-alisg-p-0037/094969076ae6446bb805cad2f2c32626_1652242303?x-expires=1713704400&x-signature=Nh6tDdvd06SsNlkbIRHl%2F7isfN8%3D","https://v16-webapp-prime.us.tiktok.com/video/tos/alisg/tos-alisg-pve-0037/e2187142eae645bcba1b3be0c7bef4cf/?a=1988&bti=NDU3ZjAwOg%3D%3D&ch=0&cr=3&dr=0&lr=unwatermarked&cd=0%7C0%7C0%7C&cv=1&br=3988&bt=1994&cs=0&ds=6&ft=4KJMyMzm8Zmo0Octt-4jVaObdpWrKsd.&mime_type=video_mp4&qs=0&rc=Z2g6NTQ3ZGZnNmQ6NzVkO0BpanVmbmQ6Zm9tPDMzODgzNEA1Yi1eYV41NV8xYi0uMDJfYSM2YWFwcjRfYnFgLS1kLy1zcw%3D%3D&btag=e00088000&expire=1713707859&l=2024041913571934DF44BC154C190499E0&ply_type=2&policy=2&signature=eb935ebae858b1d5b70cb22b5ec04b0c&tk=tt_chain_token",,,,,,,,,,,,,,,,,,,,,,,,,,,,,,,"1024","LIPOVITAN BẬT NẮP TRÚNG VÀNG  UỐNG CÀNG NHIỀU TRÚNG CÀNG ĐÃ","83","https://www.tiktok.com/@lipovitan.vn/video/7096326632801193217","53","14900000","2022-05-11T04:11:42.000Z","23500"
